time,acc_x_1,acc_y_1,acc_z_1_1,acc_x_2,acc_y_2,acc_z_1_2,gyro_1_1,gyro_2_1,gyro_3_1,gyro_1_2,gyro_2_2,gyro_3_2,altitude,temperature
0.0699997,10.419564,0.746991,0.009576806,1.225831,0.002394202,0,0.04716385,0.04716385,0.5651668,1.163109,1.163109,0.005862176,10.738204,28.15488
0.3859992,-7.158664,-2.14281,10.18972,-7.335834,0.19153616,0,0.04263402,0.04263402,0.3778438,0.2857811,0.2857811,0.00106585,10.19125,28.19199
0.697001,0.031124624,0.641646,10.520124,-1.580173,-1.7860744,0,0.3321455,0.3321455,0.0,0.6171272,0.6171272,0.0,10.429056,28.21172
1.014,0.9576808,-4.520252,6.62715,-1.211466,-8.983046,0,0.5672988,0.5672988,0.4456585,0.5510444,0.5510444,0.3858377,10.484544,28.20918
1.329,0.08619126,0.009576806,5.056554,0.0,-1.532289,0,0.2772543,0.2772543,0.0277121,0.05222666,0.05222666,0.00972588,10.822756,28.21914
1.646001,0.02394202,-4.01747,10.87925,0.07661446,-2.442086,0,0.5551746,0.5551746,-0.4739036,0.11138132,0.11138132,0.018652376,10.373568,28.21426
1.966001,-5.477932,-2.375048,10.21127,0.06943186,-2.408567,0,0.0379709,0.0379709,0.01398928,0.13722816,0.13722816,0.07847322,10.61137,28.2166
2.426,1.0749968,-1.223437,2.78685,0.1651999,1.905785,0,0.3250842,0.3250842,0.011990816,0.2964396,0.2964396,0.025580392,10.72499,28.19687
2.743001,-1.0223244,-1.173159,8.755594,-1.482011,-0.8595184,0,0.372115,0.372115,0.1420245,0.3364089,0.3364089,0.11537828,10.487184,28.21426
3.060003,-0.7326258,-0.8020576,8.69574,-1.175553,-0.7134722,0,-0.18572432,-0.18572432,0.4035574,-0.16933692,-0.16933692,0.4456585,10.682714,28.206832
3.381001,-3.847482,-0.9481038,4.666298,-5.358224,0.009576806,0,-0.4283386,-0.4283386,0.1556141,-1.0645176,-1.0645176,0.5553076,10.442266,28.201752
3.695002,-1.5729908,-1.06542,10.292672,-3.227384,-0.6919242,0,-0.2388837,-0.2388837,-0.3272158,-0.158412,-0.158412,-0.2083737,10.45812,28.22168
4.009002,-3.596091,-2.446874,3.730166,-3.062184,-3.351882,0,0.05142726,0.05142726,-0.6789464,0.2728576,0.2728576,-0.6736172,10.5004,28.2166
4.327,-1.029507,-2.073379,10.22803,-1.3263876,-2.743755,0,-0.0955268,-0.0955268,0.03317458,-0.06181929,-0.06181929,0.002931088,10.65365,28.22168
4.792002,0.002394202,-1.685518,4.05099,0.02873042,0.0,0,0.0362389,0.0362389,-0.4945543,0.0006661564,0.0006661564,-0.5402526,10.529464,28.19687
5.098002,0.4596867,-2.135628,5.51624,-4.29041,-2.382231,0,0.2872466,0.2872466,-0.4753692,0.2757887,0.2757887,-0.5411852,10.754056,28.21914
5.414998,1.7621324,-2.288857,9.883264,2.0231,-2.334347,0,0.8364256,0.8364256,0.0,0.7503584,0.7503584,0.05142726,10.72499,28.22168
5.731002,2.149993,-2.260126,5.056554,0.07661446,-4.247314,0,0.11937518,0.11937518,0.05116079,0.0341072,0.0341072,0.04369985,10.698568,28.226568
6.044002,0.20111292,-2.451662,6.212954,0.3519476,-2.42772,0,0.2848485,0.2848485,0.03597244,0.1602772,0.1602772,-0.3322786,10.614016,28.2291
6.356002,0.009576806,-4.592078,5.09486,-4.630386,-2.449269,0,0.875329,0.875329,0.0695467,0.5919464,0.5919464,0.0011990812,10.44491,28.226568
6.671,-4.673482,-4.75728,5.315128,-4.668694,-4.750096,0,0.3242847,0.3242847,0.0042634,0.2729908,0.2729908,0.005595712,10.484544,28.23145
7.133,-4.903324,0.344765,9.964666,-4.865018,0.8044518,0,0.5470474,0.5470474,0.06981316,0.6139296,0.6139296,0.0341072,10.373568,28.20918
7.447002,0.6799532,1.877054,4.903324,0.3974375,2.030283,0,0.0042634,0.0042634,-0.8185726,1.023749,1.023749,-0.8176402,10.289016,28.2291
7.761998,-4.879384,0.01197101,4.003106,-4.716578,0.1580173,0,-1.7734416,-1.7734416,0.20464316,-1.9085376,-1.9085376,0.002664626,10.44491,28.23145
8.079,-1.7429788,0.02394202,4.941632,-1.6663644,0.02873042,0,0.09419448,0.09419448,0.2859142,-0.5104088,-0.5104088,0.025580392,10.233524,28.241408
8.397004,-4.352658,-2.37026,5.291186,-9.80665,0.11731588,0,0.0724778,0.0724778,0.025580392,0.5473138,0.5473138,0.06888054,10.25995,28.241408
8.71,-3.667917,-4.730942,9.825802,-3.677493,-4.884172,0,0.546781,0.546781,0.7174502,0.4904243,0.4904243,0.6832098,10.47133,28.24883
9.032004,-3.2154124,0.04070142,2.815581,0.19153616,1.2641384,0,0.00013323122,0.00013323122,-0.5366552,0.3434702,0.3434702,-0.5454486,10.302224,28.246484
9.347,-3.639186,-5.74369,5.449202,-3.600879,-5.889736,0,0.2772543,0.2772543,0.0,0.0009326186,0.0009326186,0.0002664625,10.373568,28.24883
9.811,-4.692636,-6.584054,13.484144,0.1556231,-3.677493,0,0.4448592,0.4448592,-0.2643308,0.5499784,0.5499784,0.004796325,10.360356,28.224024
10.131002,-4.240132,-6.129156,4.903324,-4.733336,-7.275978,0,0.0042634,0.0042634,-0.4092863,0.02624655,0.02624655,-0.4007596,10.162188,28.23652
10.450004,0.0,-5.74369,5.214572,-4.053384,-5.954378,0,0.283516,0.283516,0.0017320064,0.0767412,0.0767412,0.12217304,9.950802,28.23652
10.766,0.3495534,0.3280056,4.903324,0.4836288,0.1436521,0,0.0937948,0.0937948,0.20464316,0.13962632,0.13962632,0.2174334,10.289016,28.241408
11.085,1.1109096,0.0,3.44765,0.01915361,0.19632452,0,0.568098,0.568098,0.003197549,0.3543952,0.3543952,0.0021317,10.767268,28.24883
11.409,0.004788404,0.23702592,5.679048,0.06224925,0.01197101,0,-0.18332616,-0.18332616,-0.3149587,0.0362389,0.0362389,-0.4039572,10.83861,28.25137
11.726996,2.054225,0.6129156,4.905718,1.8483236,0.7445968,0,0.02131701,0.02131701,0.10365392,0.0,0.0,0.10258804,10.386776,28.226568
12.206,0.770933,2.511518,5.76045,0.7781156,2.628833,0,0.04369985,0.04369985,-0.4048898,0.0006661564,0.0006661564,-0.4263399,10.45812,28.17207
12.523004,1.917756,4.903324,5.8227,1.8866308,4.982332,0,0.07141196,0.07141196,0.024647776,0.07687442,0.07687442,0.0687473,10.289016,28.19199
12.84101,5.0781,5.51624,5.176264,4.903324,5.83467,0,0.0011990812,0.0011990812,0.09059728,0.1045865,0.1045865,0.0341072,10.233524,28.19199
13.161004,6.014236,5.068524,6.167464,5.90889,4.999092,0,0.1374946,0.1374946,0.0042634,0.2388837,0.2388837,0.0951271,10.360356,28.201752
13.476996,4.97994,5.209782,6.14831,5.046976,5.336676,0,0.1374946,0.1374946,-0.13149924,0.0042634,0.0042634,-0.2290245,10.344504,28.2166
13.799004,1.611298,4.903324,5.904102,1.541866,5.056554,0,0.013056664,0.013056664,-0.3749127,0.0042634,0.0042634,-0.397562,10.47133,28.2166
14.114996,1.268927,5.231332,4.924872,1.436521,5.391742,0,0.009059726,0.009059726,0.002664626,0.0234487,0.0234487,0.003197549,10.39999,28.206832
14.583,0.6607996,6.133944,0.18674776,1.2545616,8.12592,0,1.2962068,1.2962068,-0.4569831,0.5457152,0.5457152,-0.4756356,10.44491,28.17715
15.988,2.451662,5.05416,6.485892,1.321599,5.300762,0,0.006661562,0.006661562,-0.6309832,0.004796325,0.004796325,-0.698398,10.529464,28.20918
16.303008,1.54426,5.257666,4.903324,1.659182,4.927268,0,0.025580392,0.025580392,-0.3394732,0.03464012,0.03464012,-0.3192221,10.47133,28.2166
16.623004,1.235408,5.056554,5.209782,1.4077904,5.063736,0,0.0042634,0.0042634,-0.4424609,0.004529862,0.004529862,-0.4242083,10.58495,28.21426
16.941008,1.2282252,4.915296,4.97994,1.4891936,4.932056,0,0.06848086,0.06848086,-0.3878362,0.07061256,0.07061256,-0.3916998,10.529464,28.2166
17.258,0.6129156,5.058948,5.638344,1.3024456,5.8227,0,0.00959265,0.00959265,-0.4048898,0.0895314,0.0895314,-0.4092863,10.429056,28.22168
17.575,0.938527,4.922478,4.903324,0.9481038,5.06613,0,0.1385605,0.1385605,-0.3911668,0.1881225,0.1881225,-0.3996936,10.569096,28.21914
18.985992,0.6129156,5.872977,4.912902,0.5554548,6.052542,0,0.03530628,0.03530628,-0.4087534,0.0387703,0.0387703,-0.3867703,10.669504,28.167184
19.458,0.85473,4.908114,4.939238,0.09097968,4.912902,0,0.0341072,0.0341072,-0.4327351,0.04796326,0.04796326,-0.4428608,10.65365,28.15723
19.777,0.9241618,4.905718,5.056554,0.938527,1.723825,0,0.0683476,0.0683476,0.00106585,0.1484196,0.1484196,0.03424043,10.640436,28.189456
20.097,0.3064578,1.268927,5.21936,0.3064578,1.268927,0,0.0170536,0.0170536,-0.403824,0.05129402,0.05129402,-0.5020154,10.542672,28.206832
20.416992,0.3495534,0.344765,1.4508864,0.002394202,1.391031,0,-0.266196,-0.266196,-0.20464316,-0.4487229,-0.4487229,-0.2712589,10.40263,28.206832
20.733008,0.4596867,2.494758,6.138734,0.4596867,0.0,0,1.1171444,1.1171444,0.0,1.6415424,1.6415424,0.14682084,10.39999,28.21426
21.04901,0.3303998,2.760515,4.982332,0.03830722,2.949657,0,0.0,0.0,-0.20144568,0.007194488,0.007194488,-0.2616662,10.571736,28.206832
21.372008,0.653617,2.492364,3.696647,0.01915361,2.60968,0,0.2728576,0.2728576,0.0362389,0.3090966,0.3090966,0.0021317,10.698568,28.206832
21.843008,1.101333,0.0,5.535394,0.68953,0.3184288,0,0.2728576,0.2728576,-0.2384839,0.3072312,0.3072312,-0.2280919,10.5004,28.186916
22.163,0.09576808,1.381454,2.509123,0.7757214,1.2306196,0,0.1366952,0.1366952,-0.528395,0.06195252,0.06195252,-0.4860276,10.614016,28.21172
22.482,0.3112462,0.009576806,4.903324,0.02633622,0.01436521,0,0.03437364,0.03437364,0.10232158,-1.292477,-1.292477,0.2582021,10.698568,28.21172
22.801,-1.7621324,0.6560112,5.00867,-2.2361848,0.031124624,0,0.00013323122,0.00013323122,0.015055132,0.006395098,0.006395098,0.01811945,10.31544,28.201752
23.121008,0.3064578,0.004788404,0.3854665,-2.413355,0.10534488,0,0.520401,0.520401,0.0682144,0.1971822,0.1971822,-0.818173,10.59816,28.206832
23.444,2.528277,2.456451,5.09486,0.3064578,0.3734955,0,-0.4082204,-0.4082204,-0.2643308,-0.3837061,-0.3837061,-0.2643308,10.44491,28.206832
23.759008,1.877054,0.3112462,2.75812,1.297657,0.6129156,0,0.00013323122,0.00013323122,-0.3394732,0.2062419,0.2062419,-0.4076875,10.487184,28.206832
24.231008,-2.44448,-1.9728224,6.435614,0.6344634,-2.286462,0,0.05329249,0.05329249,0.13709492,0.3538622,0.3538622,0.23088976,10.529464,28.19434
24.54901,-2.296039,-1.187524,6.282386,-2.420538,0.04788404,0,0.4156814,0.4156814,0.026646248,0.5585054,0.5585054,-0.6773478,10.669504,28.2166
24.873004,-4.28562,-4.738126,4.309564,-4.898538,-2.442086,0,0.1449556,0.1449556,0.6171272,0.6395102,0.6395102,0.7014624,10.72499,28.21914
25.18801,-4.137181,-4.673482,9.825802,-3.792415,-4.659118,0,0.1376279,0.1376279,0.1795957,0.09659268,0.09659268,0.149219,10.738204,28.23398
25.509008,-2.42772,-4.900932,5.286396,-2.317587,-4.903324,0,0.3096294,0.3096294,-0.4092863,0.3410721,0.3410721,-0.4091532,10.754056,28.2291
25.827,-2.202666,-4.903324,4.97994,-2.219425,-5.353434,0,0.1390934,0.1390934,0.0687473,0.05675652,0.05675652,0.07061256,10.5004,28.243948
26.143,-2.394202,-4.577714,6.59842,-2.44448,-6.272808,0,0.005329252,0.005329252,0.3092298,0.2059755,0.2059755,0.3623891,10.529464,28.23906
26.459992,-1.9153616,-4.898538,6.167464,-1.2162544,-7.264008,0,0.17053608,0.17053608,-0.4595146,0.2813843,0.2813843,-0.4929555,10.682714,28.246484
26.922,-4.441244,-2.75812,5.8227,-4.472369,-3.572149,0,-0.5062786,-0.5062786,0.021583452,-0.4775007,-0.4775007,0.0085268,10.542672,28.22168
27.23401,-7.268796,-3.677493,6.442798,-7.31668,-3.677493,0,-0.2973722,-0.2973722,-0.2334211,-0.305899,-0.305899,-0.2165008,10.85182,28.23398
27.546,-6.605603,-4.891354,6.162674,-6.124368,-3.313575,0,0.07780706,0.07780706,0.03863708,0.05435836,0.05435836,0.0006661564,10.331292,28.24883
27.858,-4.213796,-4.060566,5.540182,-3.502717,-2.987964,0,0.4263399,0.4263399,0.1706692,0.005462482,0.005462482,0.17186832,10.669504,28.246484
28.172,-3.359065,-3.65834,5.54497,-3.514688,-3.655946,0,0.0788729,0.0788729,-0.2608668,0.0730107,0.0730107,-0.2555376,10.555884,28.25391
28.482,-4.359842,1.532289,2.760515,-4.898538,0.2394202,0,0.20943952,0.20943952,-0.4581823,0.0362389,0.0362389,-0.40902,10.867672,28.25625
28.788008,-3.05979,0.03830722,4.137181,-3.351882,0.002394202,0,0.0234487,0.0234487,-0.23875036,0.0021317,0.0021317,-0.2515406,10.78312,28.261324
29.24799,-4.903324,-4.862624,5.363012,-3.65834,-4.879384,0,0.5537092,0.5537092,-0.5105422,0.5457152,0.5457152,-0.5045468,10.65629,28.241408
29.56299,-6.727708,-2.973599,9.825802,0.22984332,-3.514688,0,0.0,0.0,0.5798224,-0.9107688,-0.9107688,0.0002664625,10.754056,28.25625
29.87201,0.6272808,-2.408567,7.37414,1.37906,-2.432509,0,-0.8835896,-0.8835896,0.0011990812,-0.4711057,-0.4711057,-0.20237824,10.59816,28.26621
30.186,1.268927,0.06464346,4.903324,0.08619126,0.0,0,0.010658504,0.010658504,0.05169373,0.063951,0.063951,0.02131701,10.542672,28.261324
30.49301,-4.232949,-1.055843,7.757214,0.0,-1.9608516,0,-0.1870567,-0.1870567,1.501782,0.003464013,0.003464013,0.07354362,10.442266,28.26621
30.804992,-7.259218,-4.266466,7.517792,-7.04853,-4.280833,0,0.0362389,0.0362389,0.136562,0.0,0.0,0.136562,10.386776,28.26621
31.11801,-4.903324,-4.853048,5.533,-4.707002,-7.309498,0,0.010658504,0.010658504,0.08553446,0.05275958,0.05275958,0.08526804,10.31544,28.27109
31.581996,-4.817134,-6.124368,6.557719,-4.28562,-7.194577,0,-0.5105422,-0.5105422,0.01811945,-0.2933752,-0.2933752,0.14735376,10.289016,28.243948
31.901004,0.19393036,3.734954,4.903324,0.68953,0.1556231,0,0.7183826,0.7183826,-0.6714856,0.006928026,0.006928026,0.2735237,10.487184,28.261324
32.21601,1.37906,-6.847416,7.536946,0.09576808,-6.11479,0,0.588349,0.588349,0.966726,1.228792,1.228792,0.890251,10.45812,28.27363
32.534,0.20350716,1.25935,5.056554,0.3112462,0.009576806,0,-0.3703828,-0.3703828,0.0021317,-0.5441164,-0.5441164,-0.19291884,10.429056,28.25625
32.849,0.6200982,0.1556231,10.1562,0.3160346,0.01915361,0,-1.090231,-1.090231,1.092496,-1.841789,-1.841789,0.17160184,10.31808,28.27617
33.165,2.796427,-3.505111,6.983886,1.4077904,-1.0702084,0,0.05222666,0.05222666,-0.9464746,1.0967596,1.0967596,-0.9848454,10.386776,28.27363
33.48299,-4.884172,0.3926491,4.448426,-4.865018,0.004788404,0,0.1450888,0.1450888,-0.8015192,0.2067749,0.2067749,-0.8009862,10.19125,28.27363
33.8,-6.129156,-2.432509,9.964666,-6.730102,0.01197101,0,1.095827,1.095827,0.23875036,1.057456,1.057456,0.5728942,10.20446,28.27363
34.26699,0.002394202,1.539472,4.922478,0.1244985,1.436521,0,0.00013323122,0.00013323122,-0.4775007,0.2899112,0.2899112,-0.5413186,10.27316,28.25391
34.58199,-6.742072,1.237802,9.9934,-7.266402,1.685518,0,1.4511544,1.4511544,1.2321224,0.3453353,0.3453353,1.442095,10.39999,28.281052
34.9,0.004788404,0.23463176,10.1993,0.3639187,1.7645264,0,0.04290046,0.04290046,-0.4775007,0.019718224,0.019718224,-0.23448696,10.175396,28.278516
35.219,1.273715,1.2761092,4.984728,1.455675,1.089362,0,0.3146922,0.3146922,-0.3389403,0.17266764,0.17266764,-0.3409387,10.022144,28.281052
35.54,2.592921,0.4596867,4.97994,0.01915361,0.7757214,0,0.0,0.0,-0.6810778,0.02997703,0.02997703,0.002664626,10.019504,28.29102
35.85999,0.03830722,0.73502,9.866506,0.344765,0.4620809,0,0.0358392,0.0358392,0.0042634,0.0023981624,0.0023981624,0.00439663,10.442266,28.28848
36.17701,-4.898538,1.2545616,5.612008,-4.649538,1.5705964,0,0.004663094,0.004663094,-0.529461,0.2987044,0.2987044,-0.5158714,10.51361,28.29336
36.64301,-4.57532,1.0749968,5.556942,-4.745308,0.6560112,0,-0.3677183,-0.3677183,0.2733904,0.00013323122,0.00013323122,0.10658498,10.331292,28.26621
36.95802,-4.88896,0.03830722,5.329494,-5.975928,0.0,0,0.014522208,0.014522208,-0.3909004,0.1401592,0.1401592,-0.4075543,10.275804,28.28848
37.272,-4.106055,1.2282252,3.41892,-4.900932,1.5729908,0,0.02571363,0.02571363,0.03424043,0.01798622,0.01798622,0.01598775,10.357712,28.28848
37.587,0.07661446,2.647987,0.9983822,-7.31668,0.0,0,0.8894518,0.8894518,-0.525464,0.6909372,0.6909372,-0.3936983,10.13312,28.300784
37.896,-4.57053,-4.891354,5.056554,-4.36463,-4.788404,0,0.1412251,0.1412251,0.0170536,0.0,0.0,0.285248,10.06178,28.300784
38.20899,5.602432,1.5705964,6.916848,2.686294,0.938527,0,0.02131701,0.02131701,0.5557076,0.17160184,0.17160184,0.3114946,10.022144,28.30332
38.521,0.01915361,-0.9050082,5.056554,-6.663064,0.07661446,0,0.561836,0.561836,-0.5457152,0.18345936,0.18345936,-0.792193,10.146332,28.31328
38.98499,0.1556231,-2.351106,12.270284,1.0749968,-2.221819,0,0.1790628,0.1790628,-0.3794426,0.2899112,0.2899112,-0.4732373,9.895314,28.281052
39.297,-5.324704,-7.354986,3.878607,-10.955864,0.3303998,0,-1.0823704,-1.0823704,0.16320824,-0.2514073,-0.2514073,0.5820872,9.977226,28.300784
39.611,2.760515,2.681506,1.6807296,3.44765,2.91135,0,-0.2899112,-0.2899112,0.007594182,-0.4088866,-0.4088866,0.0687473,10.31544,28.30332
39.92402,3.696647,0.6344634,0.3064578,3.830723,0.0,0,-1.2084076,-1.2084076,0.8228362,-1.4243756,-1.4243756,0.02065085,10.11991,28.300784
40.237,6.17704,0.04070142,0.7661446,6.253656,0.0,0,0.0943277,0.0943277,-0.5457152,0.00013323122,0.00013323122,-0.5393198,10.302224,28.300784
40.55201,5.056554,1.8602944,1.455675,0.08619126,0.07661446,0,-0.4716385,-0.4716385,0.03424043,0.0767412,0.0767412,0.07261104,10.104056,28.298432
40.86701,2.451662,-9.440336,0.009576806,2.54743,-9.80665,0,0.3097625,0.3097625,0.7250446,0.0,0.0,0.7546216,10.275804,28.283592
41.185,0.20111292,0.8164228,0.009576806,0.6512228,0.04548984,0,0.3241516,0.3241516,0.7365026,0.4775007,0.4775007,0.0387703,10.188608,28.29102
41.64802,2.91135,0.04070142,8.58082,0.5027824,-8.027756,0,0.0341072,0.0341072,0.569164,0.2772543,0.2772543,0.8616064,9.895314,28.26621
41.961,-4.671088,-8.465898,0.6320692,-7.259218,0.04788404,0,-1.090764,-1.090764,0.583153,-1.069847,-1.069847,0.6504348,10.048568,28.29102
42.272,-8.52336,-7.30471,10.254364,-4.594474,-7.31668,0,0.0767412,0.0767412,0.03477336,0.0002664625,0.0002664625,0.01811945,9.99308,28.2959
42.587,-6.727708,-5.363012,5.556942,-7.314286,-6.126762,0,0.4263399,0.4263399,0.5653004,0.01012557,0.01012557,0.4156814,9.964014,28.298432
42.899,-7.31668,-6.121974,5.09486,-9.088388,-5.968745,0,0.01745329,0.01745329,0.2560704,0.01771975,0.01771975,0.12177334,9.964014,28.2959
43.21601,-4.884172,-7.034166,6.14831,-4.750096,-7.354986,0,0.1366952,0.1366952,0.1934517,0.1369617,0.1369617,0.2728576,10.162188,28.3082
43.52999,-7.029376,-6.43322,4.912902,-7.084442,-7.33344,0,0.0011990812,0.0011990812,-0.2712589,0.06848086,0.06848086,-0.2363522,9.837186,28.31074
43.99201,-6.572084,-7.297526,6.129156,-7.3502,-6.995858,0,0.2899112,0.2899112,-0.6137964,0.1449556,0.1449556,0.03783766,9.808124,28.27617
44.30599,0.19871876,0.3112462,6.138734,0.004788404,0.08140286,0,-0.1763982,-0.1763982,0.01931854,-0.2302236,-0.2302236,0.00866003,10.06178,28.29336
44.621,-6.607996,-6.311116,6.256048,-6.648698,-7.335834,0,0.0015987748,0.0015987748,0.1534824,0.07354362,0.07354362,0.0788729,9.850396,28.283592
44.939,-5.793968,0.004788404,5.995082,-6.737284,0.7661446,0,0.1364288,0.1364288,-0.2685942,0.00013323122,0.00013323122,-0.3922328,9.808124,28.29336
45.257,1.154005,5.8227,4.903324,-3.639186,3.766079,0,0.3837061,0.3837061,0.58262,0.07261104,0.07261104,0.00439663,10.06178,28.2959
45.573,9.878476,0.344765,6.129156,0.21787232,0.0,0,2.268128,2.268128,0.0,2.782268,2.782268,0.0,10.1067,28.30332
45.884,0.0,1.989582,-7.31668,0.04548984,1.541866,0,0.01718682,0.01718682,1.093562,-1.071712,-1.071712,0.2976386,10.233524,28.31328
46.20002,0.3280056,4.905718,0.6129156,0.6368576,6.63194,0,0.5649004,0.5649004,0.05129402,0.01931854,0.01931854,0.02264932,9.90853,28.31328
46.665,0.0,1.0726024,1.2665324,7.987058,1.2641384,0,0.03916998,0.03916998,-0.494288,0.3288147,0.3288147,-0.4764349,9.810762,28.29102
46.974,3.184288,3.888184,0.01915361,2.461239,2.796427,0,-0.1897213,-0.1897213,0.277121,0.149219,0.149219,0.0085268,10.11991,28.31562
47.28602,0.3495534,2.087744,6.440402,0.07661446,0.02633622,0,-1.084902,-1.084902,0.3420046,-0.951804,-0.951804,0.001465544,10.090844,28.32305
47.598,0.09576808,2.528277,0.3280056,2.106898,3.093309,0,0.08420216,0.08420216,-0.2363522,0.0015987748,0.0015987748,-0.2198315,10.146332,28.318164
47.915,2.48997,2.614468,1.3838484,0.3232172,1.0749968,0,0.1444227,0.1444227,0.3114946,0.00013323122,0.00013323122,0.2784533,9.86625,28.320708
48.228,2.703054,5.032612,5.650316,2.499546,5.59525,0,-0.954202,-0.954202,0.4094196,-0.7971226,-0.7971226,0.2728576,9.964014,28.32305
48.542,2.930503,0.6248866,1.2282252,2.837129,0.746991,0,0.1536156,0.1536156,-2.168338,0.14189124,0.14189124,-1.738801,9.87946,28.320708
49.00501,4.924872,0.004788404,9.83059,9.8282,-6.110004,0,1.2874132,1.2874132,0.0,1.793292,1.793292,0.0,10.175396,28.2959
49.31202,11.511324,8.58082,0.248997,10.457872,8.599974,0,-2.1580792,-2.1580792,0.025580392,-1.9092036,-1.9092036,0.2856478,10.11991,28.320708
49.62899,2.930503,5.920861,0.07661446,8.037336,5.056554,0,-0.2728576,-0.2728576,0.4266065,-0.5413186,-0.5413186,0.20464316,10.429056,28.318164
49.943,4.903324,0.09576808,1.249773,0.68953,2.837129,0,0.0021317,0.0021317,2.221231,0.9579326,0.9579326,2.901244,10.24674,28.318164
50.26499,1.2641384,0.5363012,3.718195,0.03830722,1.2641384,0,0.0903308,0.0903308,0.6144624,-0.5030812,-0.5030812,0.07407656,9.937594,28.30332
50.579,-3.672705,-7.352594,5.748478,-4.29041,0.17717096,0,-2.855944,-2.855944,1.0915632,-2.71099,-2.71099,1.254505,9.86625,28.300784
50.897,0.1580173,-4.898538,13.56076,0.0,-4.82671,0,-2.450921,-2.450921,2.472773,-3.608434,-3.608434,1.8953472,9.937594,28.30586
51.217,0.1628057,1.235408,5.631162,-2.13084,0.3256114,0,1.9187968,1.9187968,-1.4153152,1.9867448,1.9867448,-1.455951,10.175396,28.28848
51.68202,0.68953,-19.6133,2.030283,0.0,6.311116,0,-4.22716,-4.22716,1.3645548,-2.67102,-2.67102,1.1428572,10.275804,28.27363
52.003,0.2777274,0.7876924,4.97994,0.272939,1.496376,0,0.00013323122,0.00013323122,0.005329252,0.00959265,0.00959265,0.0341072,10.52682,28.29336
52.32099,2.626439,0.723049,9.883264,4.910508,-4.747702,0,1.6771148,1.6771148,0.013323124,0.1374946,0.1374946,-0.5393198,10.627224,28.298432
52.645,2.75812,5.209782,0.4596867,2.691082,5.975928,0,0.08979784,0.08979784,0.2483431,0.024647776,0.024647776,0.54798,10.386776,28.30586
52.96302,0.7086838,0.4070143,3.31597,-9.95988,0.1556231,0,0.6161946,0.6161946,1.919862,0.0085268,0.0085268,0.018785608,10.754056,28.33047
53.28199,-3.562572,0.01915361,6.291962,3.227384,1.273715,0,1.23159,1.23159,0.0387703,1.510309,1.510309,0.002664626,10.949584,28.32813
53.6,2.578555,2.782062,5.365406,3.193865,2.91135,0,0.7162512,0.7162512,0.2781868,0.8185726,0.8185726,0.4094196,11.290436,28.33047
54.066,0.9289502,0.6153098,0.9289502,1.381454,0.02633622,0,-0.8099128,-0.8099128,0.0170536,-0.925424,-0.925424,0.9705898,11.160968,28.3082
54.382,1.422156,2.451662,4.596868,2.480393,1.991976,0,0.6011394,0.6011394,0.8484166,0.2739234,0.2739234,0.209173,10.949584,28.33047
54.69599,4.989516,0.1244985,0.3878607,3.217807,1.7262192,0,0.1364288,0.1364288,0.5744932,0.1412251,0.1412251,0.549046,11.303648,28.32559
55.019,1.2282252,0.4596867,0.6512228,0.6129156,0.009576806,0,2.119709,2.119709,0.16867076,0.0,0.0,0.0758086,11.330072,28.33047
55.33399,6.742072,0.1532289,2.475604,6.818686,0.3160346,0,0.6934686,0.6934686,0.1566799,0.824568,0.824568,0.2061087,11.20324,28.33554
55.65,0.0,0.23223752,0.6368576,0.5770026,0.06464346,0,0.2736569,0.2736569,0.4264733,0.14628792,0.14628792,0.3513308,11.007716,28.32559
55.96601,1.225831,0.04070142,0.3950433,1.458069,4.443638,0,1.1280684,1.1280684,0.01945176,1.1067516,1.1067516,0.0170536,11.04999,28.32305
56.288,0.0,0.01436521,4.903324,0.1651999,0.07900866,0,0.8189724,0.8189724,-1.0914304,1.1703036,1.1703036,-0.9550014,11.079052,28.30332
56.758,0.6153098,0.8810662,1.3024456,1.225831,5.473146,0,-1.6318168,-1.6318168,0.5547748,-1.8289988,-1.8289988,0.5819538,11.499176,28.27363
57.073,0.01915361,0.05746084,0.617704,0.03830722,0.3064578,0,1.125537,1.125537,0.0023981624,1.1196752,1.1196752,0.23928332,11.303648,28.30586
57.389,1.37906,0.08619126,1.3862424,1.6089036,2.643198,0,0.307631,0.307631,0.0341072,0.3007028,0.3007028,0.2751226,11.232304,28.31328
57.70899,2.149993,0.5195418,5.056554,2.152387,0.3830723,0,0.0002664625,0.0002664625,0.00106585,0.0191853,0.0191853,0.0682144,11.4569,28.31562
58.02302,0.0,2.585738,4.903324,0.3064578,2.54743,0,0.0006661564,0.0006661564,0.1534824,0.0015987748,0.0015987748,0.1534824,11.345924,28.31328
58.34101,0.0,1.671153,4.917691,0.1532289,2.451662,0,0.0651501,0.0651501,0.0085268,0.002264931,0.002264931,0.018652376,11.147752,28.318164
58.662,0.960075,0.3064578,4.903324,0.0,0.3136404,0,0.615262,0.615262,0.298438,0.6840092,0.6840092,0.1376279,10.949584,28.3082
59.13001,0.6153098,0.6512228,4.941632,0.09576808,1.005565,0,-0.20024652,-0.20024652,0.2729908,-0.2043767,-0.2043767,0.2303568,10.85182,28.204292
59.449,0.3064578,4.982332,5.0781,0.03830722,1.577779,0,-0.09472744,-0.09472744,0.0003996936,-0.05968759,-0.05968759,0.17080244,10.909948,28.15723
59.77102,0.02154781,0.4788404,5.525816,0.009576806,0.09576808,0,0.026646248,0.026646248,0.0716784,0.0021317,0.0021317,0.05129402,11.079052,28.127536
60.09002,0.4836288,1.37906,5.525816,0.4237737,1.3838484,0,0.026646248,0.026646248,-0.3575928,0.03743798,0.03743798,-0.3746462,10.740844,28.127536
60.40801,0.10773908,1.2282252,5.556942,0.3064578,1.37906,0,0.0006661564,0.0006661564,-0.4178132,0.0,0.0,-0.4178132,10.442266,28.12265
60.725,0.002394202,0.1651999,1.3239932,0.3926491,0.3830723,0,0.03730475,0.03730475,0.08793266,0.0002664625,0.0002664625,0.01718682,10.754056,28.14004
61.04302,1.685518,0.9241618,5.24809,1.7621324,0.9193734,0,0.07314396,0.07314396,0.04263402,0.00106585,0.00106585,0.005196018,10.90731,28.1375
61.51702,0.7757214,0.04070142,2.466028,0.4764462,0.1556231,0,0.3412053,0.3412053,-0.4689739,0.3325452,0.3325452,-0.4172802,11.459544,28.127536
61.84002,0.1723825,4.941632,6.143522,0.1723825,1.3718776,0,0.08606736,0.08606736,-0.4306033,0.1044533,0.1044533,-0.4092863,11.414624,28.167184
62.15598,1.2282252,3.383007,0.746991,1.4389152,5.061343,0,0.7162512,0.7162512,0.3072312,0.6832098,0.6832098,0.3181562,10.949584,28.16973
62.473,2.451662,5.700594,3.064578,1.7908628,5.870584,0,0.012923432,0.012923432,0.1108484,0.005595712,0.005595712,0.2059755,11.19003,28.18203
62.794,0.0,5.681442,0.617704,0.0,0.0,0,1.234787,1.234787,0.06408424,1.279153,1.279153,0.05555742,11.219096,28.17715
63.11399,1.2306196,3.70383,1.6089036,0.3351882,3.715801,0,0.19238592,0.19238592,0.6352466,0.5499784,0.5499784,0.546248,11.33271,28.16973
63.435,0.9337386,3.153163,1.8866308,0.08619126,3.682282,0,0.07780706,0.07780706,0.2819174,0.2015789,0.2015789,0.01758652,11.076412,28.18457
63.75701,5.51624,5.075708,0.03830722,5.209782,0.07900866,0,-0.8172404,-0.8172404,0.193052,-1.081838,-1.081838,0.2797857,11.205884,28.18457
64.228,0.07661446,0.20111292,0.04788404,0.07661446,0.1580173,0,-0.4775007,-0.4775007,0.21316996,-0.5367888,-0.5367888,0.1540153,11.12133,28.14492
64.551,5.65271,3.13401,0.0,5.717354,3.093309,0,0.3775772,0.3775772,0.0085268,0.307098,0.307098,0.04703062,11.303648,28.13496
64.869,0.6129156,0.2681506,0.3112462,0.7852982,0.01915361,0,-0.5073446,-0.5073446,0.13789436,-0.4696401,-0.4696401,0.07407656,10.78312,28.14238
65.191,7.431602,0.8044518,0.9361328,7.565676,0.746991,0,0.2749892,0.2749892,0.013456352,0.2952404,0.2952404,0.4864272,10.331292,28.14238
65.511,2.78685,14.42267,1.235408,0.7852982,14.111424,0,-0.9202284,-0.9202284,0.0003996936,-0.4059556,-0.4059556,0.149219,10.233524,28.13262
65.829,1.225831,1.2306196,0.04070142,1.388637,1.6328456,0,0.00439663,0.00439663,0.283516,0.007061255,0.007061255,0.3421378,9.950802,28.127536
66.146,10.115504,-5.8227,6.560112,0.009576806,0.04788404,0,3.274424,3.274424,-1.7706432,2.728842,2.728842,-1.906539,10.233524,28.12265
66.623,0.1556231,1.2665324,3.107674,9.80665,0.0,0,-0.474836,-0.474836,0.06888054,0.0724778,0.0724778,-0.19505056,10.077636,28.11777
66.941,4.97994,0.3567361,9.825802,4.912902,0.308852,0,0.03863708,0.03863708,-0.4048898,0.0,0.0,-0.403824,10.00629,28.15488
67.25204,5.061343,0.308852,9.81623,4.903324,0.3926491,0,0.06848086,0.06848086,-0.4336677,0.0683476,0.0683476,-0.4242083,9.87946,28.16973
67.574,4.903324,0.19153616,10.05086,4.910508,0.2394202,0,0.0021317,0.0021317,-0.4044899,0.011058194,0.011058194,-0.394098,9.639016,28.17207
67.89,4.927268,0.3830723,9.80665,4.908114,0.3064578,0,0.03464012,0.03464012,-0.3994272,0.03637212,0.03637212,-0.3986278,9.808124,28.17207
68.21004,4.905718,0.3064578,10.04128,5.06613,0.1580173,0,0.0191853,0.0191853,-0.4091532,0.03424043,0.03424043,-0.4092863,10.104056,28.164648
68.52598,4.903324,0.3567361,10.093952,4.905718,0.1628057,0,0.03424043,0.03424043,-0.3948974,0.015588054,0.015588054,-0.3964962,9.781696,28.16973
68.85102,4.922478,0.3112462,9.835382,5.137958,0.3136404,0,0.0362389,0.0362389,-0.4088866,0.0341072,0.0341072,-0.397562,9.65487,28.167184
69.326,4.934449,0.3256114,10.048464,4.912902,0.3256114,0,0.0341072,0.0341072,-0.3963631,0.0341072,0.0341072,-0.3995605,9.892674,28.14746
69.64204,4.917691,0.3878607,10.036492,4.917691,0.344765,0,0.01732006,0.01732006,-0.4012925,0.03464012,0.03464012,-0.3980949,9.639016,28.1623
69.967,4.941632,0.3112462,9.95988,5.011064,0.344765,0,0.0170536,0.0170536,-0.4079542,0.03637212,0.03637212,-0.3986278,9.710356,28.17461
70.29,4.941632,0.3112462,10.036492,5.080496,0.3184288,0,0.0170536,0.0170536,-0.3996936,0.0362389,0.0362389,-0.4088866,9.810762,28.17949
70.61,4.908114,0.320823,9.80665,4.903324,0.4022259,0,0.010924964,0.010924964,-0.4087534,0.015454824,0.015454824,-0.3980949,9.794908,28.18203
70.92698,4.924872,0.3136404,10.18972,2.533065,1.2545616,0,0.0085268,0.0085268,-0.4092863,0.03424043,0.03424043,-0.408487,9.892674,28.189456
71.25204,4.941632,0.01915361,10.290276,5.21936,0.3232172,0,0.021583452,0.021583452,-0.4216769,0.0341072,0.0341072,-0.3996936,9.752634,28.19434
71.73104,4.917691,0.3567361,10.134656,5.075708,1.249773,0,0.0341072,0.0341072,-0.4071547,0.0170536,0.0170536,-0.4092863,9.964014,28.167184
72.051,4.924872,1.539472,9.883264,5.554548,-4.048594,0,0.04330016,0.04330016,-0.3964962,0.00106585,0.00106585,-0.391833,7.54105,28.186916
72.378,4.953602,0.3016694,10.13226,3.141193,1.235408,0,0.001332313,0.001332313,-0.4060889,0.03464012,0.03464012,-0.4064886,8.711576,28.17461
72.698,1.5370776,0.9241618,10.891224,3.754108,0.3112462,0,0.01891883,0.01891883,-0.4220766,0.03464012,0.03464012,-0.4054226,7.231904,28.167184
73.02598,0.6512228,0.4596867,1.2665324,2.451662,0.521936,0,0.3265498,0.3265498,0.0021317,0.2985713,0.2985713,0.0085268,6.061378,28.15976
73.348,0.296881,-4.865018,7.967904,0.02873042,2.767697,0,1.4370324,1.4370324,0.6914702,0.0,0.0,0.0937948,5.580484,28.167184
73.676,0.3160346,0.01197101,0.02873042,0.7374142,0.07661446,0,4.076876,4.076876,-1.3561604,3.965494,3.965494,-2.042568,10.72499,28.1623
74.00204,0.6224924,1.33357,7.66384,0.8762778,0.0,0,1.6885724,1.6885724,1.365354,0.136562,0.136562,1.1063524,10.06442,28.15723
74.485,5.746084,2.456451,0.05746084,5.106832,2.590526,0,-3.810947,-3.810947,1.264631,-3.811479,-3.811479,1.095827,12.500596,28.09043
74.813,1.3024456,0.002394202,1.3263876,0.1628057,2.087744,0,-2.715519,-2.715519,2.320355,-2.880992,-2.880992,2.2196324,13.684336,28.12265
75.139,2.207454,0.3256114,-0.1197101,2.207454,0.3375824,0,-3.886755,-3.886755,0.00013323122,-3.2700276,-3.2700276,1.371216,12.95243,28.12265
75.467,7.055712,0.6224924,-1.376666,6.179434,0.002394202,0,-1.0890324,-1.0890324,0.012790196,-1.0882328,-1.0882328,1.006695,11.290436,28.1375
75.795,0.3471592,0.08619126,0.0,0.07900866,0.004788404,0,-0.7459618,-0.7459618,0.02291577,0.0554242,0.0554242,0.3264165,13.277424,28.08789
76.12202,0.6560112,5.719748,1.532289,0.0,0.02394202,0,2.455852,2.455852,0.5531762,2.37045,2.37045,0.5501118,9.739422,28.08554
76.44502,0.6224924,4.97994,-1.0726024,0.01436521,5.104438,0,2.185525,2.185525,0.0,2.182994,2.182994,0.0,13.586572,28.070708
76.92,6.82587,2.837129,3.102886,6.435614,2.48997,0,0.1364288,0.1364288,0.010658504,0.0682144,0.0682144,0.006395098,14.587996,28.05332
77.23104,4.922478,2.5306716,0.9672576,5.525816,3.600879,0,-2.434135,-2.434135,1.1106152,-2.556974,-2.556974,1.110882,13.84023,28.0459
77.547,6.799532,0.04309562,0.03830722,5.24809,2.762908,0,0.09592654,0.09592654,0.6483032,0.02637979,0.02637979,0.689072,13.755676,28.06562
77.859,1.8483236,4.941632,2.214636,0.3303998,2.604891,0,0.0170536,0.0170536,-0.2704594,0.03517304,0.03517304,-0.2685942,13.82702,28.08047
78.17402,0.3471592,9.83059,0.995988,9.88566,5.09486,0,1.2343876,1.2343876,0.3581256,0.8277658,0.8277658,0.567032,14.051616,28.06562
78.49104,7.517792,1.7669208,1.225831,0.01915361,0.617704,0,0.06888054,0.06888054,0.5938114,0.0682144,0.0682144,0.5457152,14.22072,28.04336
78.805,0.3351882,4.912902,1.235408,0.4237737,3.983952,0,0.0724778,0.0724778,0.6140628,0.10232158,0.10232158,0.6143294,16.0386,28.033592
79.12098,1.3024456,0.0,0.1532289,1.4173676,0.004788404,0,1.287547,1.287547,-1.085568,1.093562,1.093562,-1.086101,18.13921,28.031052
79.58198,0.995988,5.058948,3.064578,1.005565,4.922478,0,2.338474,2.338474,0.0682144,2.191521,2.191521,0.01811945,20.41949,28.01875
79.89302,0.7685388,0.2992752,0.03351882,0.2394202,4.96318,0,-0.4593814,-0.4593814,0.3346768,-0.4668422,-0.4668422,0.3657196,21.32315,28.04336
80.20698,0.960075,3.995922,0.9409212,0.6368576,5.535394,0,-0.2504747,-0.2504747,1.0080276,-0.3741134,-0.3741134,0.009192954,22.49368,28.050784
80.51704,0.004788404,0.002394202,0.3112462,1.235408,0.05027824,0,0.503614,0.503614,1.1278024,0.6000734,0.6000734,1.206675,24.43575,28.05586
80.833,0.02394202,3.466804,2.987964,0.3112462,3.399766,0,1.6771148,1.6771148,0.429804,1.6720516,1.6720516,0.4860276,25.1703,28.05586
81.14698,1.261744,1.283292,0.3830723,0.009576806,0.8140286,0,0.341738,0.341738,0.8891856,0.20477636,0.20477636,0.8185726,26.29591,28.05586
81.46504,0.9888054,5.889736,2.607286,0.0,5.056554,0,0.03730475,0.03730475,-0.8004536,0.07993878,0.07993878,-0.7947246,27.62233,28.048432
81.928,0.3926491,1.2282252,0.1197101,2.173935,5.51624,0,0.15135064,0.15135064,0.20490964,0.19078716,0.19078716,0.1510842,29.89205,28.00879
82.243,0.5363012,0.770933,2.470816,0.11492168,0.04070142,0,1.1020884,1.1020884,0.2216968,1.1449888,1.1449888,0.3948974,31.11542,28.01875
82.56404,0.03830722,3.1795,0.4022259,0.8810662,3.1914708,0,-1.210805,-1.210805,0.20744108,-1.2613,-1.2613,0.273124,32.49732,28.02109
82.883,1.8483236,6.14831,2.576161,1.460463,5.825093,0,0.3410721,0.3410721,0.11324654,0.00013323122,0.00013323122,0.12164012,33.68106,28.03848
83.202,0.7852982,5.901708,0.960075,0.002394202,0.3112462,0,-1.525098,-1.525098,0.0170536,-1.423975,-1.423975,0.0006661564,33.9083,28.033592
83.51704,0.3160346,5.535394,0.6248866,0.1532289,5.53779,0,0.02571363,0.02571363,-0.3909004,0.009859114,0.009859114,0.04290046,33.48554,28.01621
83.833,1.225831,0.19153616,0.3160346,0.002394202,0.07661446,0,1.381608,1.381608,0.2067749,1.372815,1.372815,0.0042634,36.71175,27.99883
84.155,0.3184288,5.736508,3.677493,0.22984332,5.377378,0,0.2739234,0.2739234,0.000532925,0.5730276,0.5730276,0.20464316,38.52964,27.99883
84.618,0.1532289,0.770933,0.1532289,0.1580173,0.1388637,0,0.4135498,0.4135498,-0.5413186,0.001332313,0.001332313,-0.680412,42.79955,27.98164
84.93098,7.37893,9.825802,0.0,7.3909,4.295198,0,1.915599,1.915599,1.1262036,1.8218036,1.8218036,2.217634,41.98308,27.99883
85.245,7.39569,1.922544,1.268927,8.58082,1.4748284,0,-4.365722,-4.365722,2.222697,-4.365722,-4.365722,1.6631256,42.06501,27.976568
85.563,0.08858548,0.6272808,-1.8243816,1.2282252,0.02873042,0,-0.674683,-0.674683,0.13962632,0.0362389,0.0362389,0.001465544,41.64224,27.976568
85.883,7.699754,0.08619126,0.7326258,7.673416,5.286396,0,0.606069,0.606069,0.618859,2.199913,2.199913,0.5799554,42.40586,27.95938
86.193,1.0031708,4.97994,-0.5913678,0.2705448,4.941632,0,0.4493889,0.4493889,0.1641409,0.3597243,0.3597243,0.136562,43.36236,27.92949
86.513,0.8283938,0.05027824,-1.0223244,1.2282252,6.014236,0,0.5563736,0.5563736,1.1004904,0.6016722,0.6016722,1.0982252,46.70218,27.93203
86.979,5.061343,5.5737,0.2753332,0.01915361,4.908114,0,1.125537,1.125537,-1.082637,1.180695,1.180695,-1.0455988,48.66276,27.9123
87.292,4.714182,0.06943186,0.6368576,0.009576806,0.0,0,-1.6366124,-1.6366124,1.227859,-1.9780844,-1.9780844,1.247311,50.26926,27.936916
87.605,0.6248866,6.138734,0.6512228,1.2665324,5.59525,0,-1.5646676,-1.5646676,2.325685,-1.5464144,-1.5464144,2.359926,51.19934,27.93203
87.922,6.29675,0.938527,-1.225831,6.694188,0.02154781,0,0.7503584,0.7503584,0.7162512,0.738101,0.738101,0.547847,50.94568,27.93203
88.229,2.298434,5.631162,0.007182604,0.6129156,5.592854,0,1.0999568,1.0999568,0.06848086,1.263165,1.263165,0.011191424,51.8467,27.89492
88.541,0.08379706,0.04070142,2.485181,1.2306196,0.1532289,0,0.03464012,0.03464012,0.09059728,0.03490658,0.03490658,0.07061256,54.55239,27.87265
88.85102,0.04788404,2.451662,0.01197101,0.08619126,2.451662,0,0.1364288,0.1364288,0.3964962,0.3069648,0.3069648,1.242781,55.00158,27.89004
89.16804,0.01915361,0.995988,2.454057,4.010288,0.806846,0,1.724545,1.724545,0.2767213,1.656597,1.656597,0.2735237,56.22759,27.89746
89.63204,3.983952,2.042254,1.393425,2.48997,4.905718,0,-1.6030384,-1.6030384,0.5457152,-1.63075,-1.63075,0.5799554,57.38491,27.88008
89.94502,0.10534488,6.512228,0.9193734,0.01197101,6.129156,0,-0.2728576,-0.2728576,0.000532925,-0.18745632,-0.18745632,0.0724778,56.93308,27.90723
90.25704,0.5482722,6.291962,0.6272808,0.0,6.445192,0,0.2729908,0.2729908,0.00439663,0.01012557,0.01012557,0.03437364,57.41398,27.90488
90.572,3.064578,6.473922,2.916138,3.141193,7.37414,0,0.2740567,0.2740567,0.09832466,0.2901776,0.2901776,0.2729908,59.44059,27.90235
90.886,1.244985,4.908114,2.470816,1.92015,4.960786,0,1.6387444,1.6387444,-1.3642884,1.6415424,1.6415424,-1.359758,59.44059,27.899808
91.197,2.837129,5.058948,5.075708,3.064578,5.058948,0,0.16680548,0.16680548,0.5819538,0.004529862,0.004529862,0.6151284,59.90563,27.90723
91.515,2.578555,0.3256114,0.8738836,0.7661446,0.19393036,0,-2.182861,-2.182861,0.5563736,-2.147554,-2.147554,0.5963432,60.52657,27.90976
91.973,0.0,0.9217676,1.2306196,0.1580173,0.6488286,0,0.2302236,0.2302236,0.6139296,0.004796325,0.004796325,0.02145023,59.95055,27.88496
92.292,0.07661446,7.364564,0.1340753,3.076549,7.40287,0,0.1364288,0.1364288,0.614196,0.15641348,0.15641348,0.5514442,56.77982,27.89238
92.603,2.954445,8.36055,0.004788404,2.4827876,8.717286,0,0.05875498,0.05875498,1.1468548,0.08633382,0.08633382,1.1884224,60.44202,27.8875
92.91902,4.96318,5.236119,-10.01734,7.58962,7.740454,0,0.283516,0.283516,0.6353798,0.3495988,0.3495988,0.070879,59.69425,27.88008
93.23298,1.268927,0.17717096,0.6631938,2.513912,0.6368576,0,-4.365722,-4.365722,1.0999568,-4.365722,-4.365722,0.6864074,58.35726,27.857816
93.542,0.9241618,6.363788,1.66397,0.6224924,6.11958,0,0.08593416,0.08593416,0.0,0.0682144,0.0682144,0.0,58.17495,27.85527
93.855,6.761226,4.934449,4.520252,6.133944,5.66947,0,0.0,0.0,0.0345069,0.0,0.0,0.07047934,57.879,27.85527
94.166,4.912902,4.596868,-2.432509,5.52103,0.0,0,0.04316691,0.04316691,2.460115,-1.3642884,-1.3642884,2.199913,57.72312,27.84551
94.633,1.2401964,3.677493,-1.187524,0.5650316,3.725377,0,0.5742264,0.5742264,0.09592654,0.6014056,0.6014056,0.6991976,58.1591,27.761324
94.952,6.744466,4.139574,1.556231,5.214572,3.524265,0,-0.6768146,-0.6768146,1.9227936,-1.0914304,-1.0914304,1.9185296,56.7217,27.761324
95.271,0.8834604,4.386178,0.344765,1.355118,0.4620809,0,0.5482464,0.5482464,-0.676282,0.5470474,0.5470474,0.04276723,57.28714,27.724216
95.591,5.303156,0.3256114,0.1747767,7.369354,0.9576808,0,1.2628984,1.2628984,0.001465544,1.091697,1.091697,0.029843792,56.25666,27.67969
95.904,1.2545616,4.905718,1.2282252,0.3112462,4.903324,0,1.1639076,1.1639076,1.168171,0.007460948,0.007460948,1.245179,58.0032,27.63496
96.217,0.1532289,4.982332,0.6512228,0.6153098,5.260062,0,0.716784,0.716784,0.0003996936,0.8528134,0.8528134,-1.493256,58.96234,27.6375
96.529,0.0,2.760515,2.451662,0.002394202,3.77805,0,2.805582,2.805582,-1.890818,2.747227,2.747227,-1.7719756,58.65319,27.68203
96.84602,0.0,4.299986,2.528277,0.3064578,3.718195,0,0.2755222,0.2755222,0.01798622,0.4008928,0.4008928,0.1449556,58.65319,27.689456
97.311,0.7278374,5.844246,2.461239,0.007182604,5.288792,0,-0.9144994,-0.9144994,0.11298008,-0.9772512,-0.9772512,0.1385605,58.75096,27.65723
97.62704,1.2401964,6.246472,0.9217676,0.07661446,4.903324,0,1.075709,1.075709,-0.3983615,0.10765084,0.10765084,-0.4050229,59.08918,27.70195
97.947,0.7781156,3.983952,0.629675,0.0,5.288792,0,2.202047,2.202047,-1.065717,2.182861,2.182861,-1.0914304,58.7219,27.71172
98.26704,1.0151416,4.649538,0.3639187,0.6919242,3.715801,0,-0.7670124,-0.7670124,0.4814977,-0.810712,-0.810712,0.05888822,58.891,27.724216
98.589,5.286396,5.861006,2.94008,0.08619126,5.209782,0,-1.632349,-1.632349,0.5718284,-1.612764,-1.612764,0.6485694,58.93328,27.71426
98.905,5.51624,0.0,1.235408,5.899314,0.01436521,0,0.0,0.0,0.06981316,0.277121,0.277121,-0.2725912,58.4973,27.71426
99.219,0.5363012,0.3136404,3.70383,0.02873042,0.4788404,0,0.2062419,0.2062419,0.1369617,0.1428239,0.1428239,0.13722816,58.01905,27.7291
99.53804,0.5386954,0.6224924,0.11492168,0.6129156,0.8020576,0,-2.105453,-2.105453,0.0170536,-2.131434,-2.131434,0.2430138,58.08774,27.69687
100.00704,0.01915361,0.0,5.535394,0.1532289,0.009576806,0,0.0746095,0.0746095,0.5569066,0.0,0.0,0.5839522,50.10015,27.64746
100.32502,0.1532289,0.3830723,5.221754,0.009576806,0.4740519,0,3.483863,3.483863,-3.512641,3.605105,3.605105,-2.095328,53.93145,27.65976
100.645,-4.654328,-4.510676,2.195483,-3.514688,-4.893748,0,0.3546616,0.3546616,0.009859114,0.6488362,0.6488362,0.09166306,50.46479,27.6623
100.966,0.1436521,-8.542514,0.17717096,0.07661446,-7.120356,0,-4.365722,-4.365722,1.9101364,-4.365722,-4.365722,2.251475,46.65992,27.65488
101.291,5.243302,3.833117,8.00621,5.312734,2.75812,0,0.6140628,0.6140628,2.662493,0.9560674,0.9560674,2.90031,43.19326,27.627536
101.612,0.2561796,0.2992752,7.711724,0.6224924,0.02394202,0,0.0,0.0,2.35766,0.0,0.0,2.186191,34.62436,27.63262
101.928,5.525816,0.09576808,4.912902,2.451662,-4.903324,0,1.7641144,1.7641144,0.2923092,1.7293416,1.7293416,0.1450888,35.78167,27.63262
102.399,4.31435,0.03830722,2.80361,0.05985505,0.3926491,0,0.0,0.0,0.0,0.4436601,0.4436601,0.0,28.26969,27.568164
102.712,6.512228,-9.500194,-4.74052,6.138734,-18.847152,0,1.9537036,1.9537036,0.0,1.932386,1.932386,0.0,23.36563,27.58301
103.029,0.4118027,0.272939,0.1364695,0.5410896,0.7038952,0,0.4096861,0.4096861,0.0,0.4956202,0.4956202,0.0,18.3638,27.59297
103.347,4.309564,2.451662,1.9488804,9.892844,2.624045,0,0.7851318,0.7851318,0.0,0.9933724,0.9933724,0.0,9.86625,27.55332
103.67,0.0,0.0,0.0,0.0,0.0,0,0.0,0.0,0.0,0.0,0.0,0.0,9.047146,27.55332
103.98604,0.0,0.0,0.0,0.0,0.0,0,0.0,0.0,0.0,0.0,0.0,0.0,8.864826,27.56074
104.3,0.0,0.0,0.0,0.0,0.0,0,0.0,0.0,0.0,0.0,0.0,0.0,8.79613,27.573248
104.61702,0.0,0.0,0.0,0.0,0.0,0,0.0,0.0,0.0,0.0,0.0,0.0,8.72479,27.58301
104.93404,0.0,0.0,0.0,0.0,0.0,0,0.0,0.0,0.0,0.0,0.0,0.0,8.695724,27.59297
105.24998,0.0,0.0,0.0,0.0,0.0,0,0.0,0.0,0.0,0.0,0.0,0.0,8.711576,27.60527
105.568,0.0,0.0,0.0,0.0,0.0,0,0.0,0.0,0.0,0.0,0.0,0.0,8.738,27.6127
105.886,0.0,0.0,0.0,0.0,0.0,0,0.0,0.0,0.0,0.0,0.0,0.0,8.711576,27.61524
106.35102,0.0,0.0,0.0,0.0,0.0,0,0.0,0.0,0.0,0.0,0.0,0.0,8.54247,27.59785
106.671,0.0,0.0,0.0,0.0,0.0,0,0.0,0.0,0.0,0.0,0.0,0.0,8.68251,27.61777
106.98298,0.0,0.0,0.0,0.0,0.0,0,0.0,0.0,0.0,0.0,0.0,0.0,8.79613,27.62265
107.305,0.0,0.0,0.0,0.0,0.0,0,0.0,0.0,0.0,0.0,0.0,0.0,8.457916,27.63262
107.623,0.0,0.0,0.0,0.0,0.0,0,0.0,0.0,0.0,0.0,0.0,0.0,8.59796,27.63262
107.938,0.0,0.0,0.0,0.0,0.0,0,0.0,0.0,0.0,0.0,0.0,0.0,8.38658,27.6375
108.253,0.0,0.0,0.0,0.0,0.0,0,0.0,0.0,0.0,0.0,0.0,0.0,8.457916,27.63262
108.572,0.0,0.0,0.0,0.0,0.0,0,0.0,0.0,0.0,0.0,0.0,0.0,8.484344,27.63262
108.895,0.0,0.0,0.0,0.0,0.0,0,0.0,0.0,0.0,0.0,0.0,0.0,8.695724,27.64238
109.211,0.0,0.0,0.0,0.0,0.0,0,0.0,0.0,0.0,0.0,0.0,0.0,8.624384,27.64492
109.53,0.0,0.0,0.0,0.0,0.0,0,0.0,0.0,0.0,0.0,0.0,0.0,8.526616,27.64746
109.84602,0.0,0.0,0.0,0.0,0.0,0,0.0,0.0,0.0,0.0,0.0,0.0,8.68251,27.65235
110.165,0.0,0.0,0.0,0.0,0.0,0,0.0,0.0,0.0,0.0,0.0,0.0,8.568894,27.649808
110.475,0.0,0.0,0.0,0.0,0.0,0,0.0,0.0,0.0,0.0,0.0,0.0,8.513406,27.65235
110.941,0.0,0.0,0.0,0.0,0.0,0,0.0,0.0,0.0,0.0,0.0,0.0,8.68251,27.627536
111.255,0.0,0.0,0.0,0.0,0.0,0,0.0,0.0,0.0,0.0,0.0,0.0,8.666658,27.65235
111.56404,0.0,0.0,0.0,0.0,0.0,0,0.0,0.0,0.0,0.0,0.0,0.0,8.75121,27.65723
111.88,0.0,0.0,0.0,0.0,0.0,0,0.0,0.0,0.0,0.0,0.0,0.0,8.58475,27.6623
112.186,0.0,0.0,0.0,0.0,0.0,0,0.0,0.0,0.0,0.0,0.0,0.0,8.47113,27.66973
112.498,0.0,0.0,0.0,0.0,0.0,0,0.0,0.0,0.0,0.0,0.0,0.0,8.75121,27.6623
112.80904,0.0,0.0,0.0,0.0,0.0,0,0.0,0.0,0.0,0.0,0.0,0.0,8.75121,27.667184
113.12704,0.0,0.0,0.0,0.0,0.0,0,0.0,0.0,0.0,0.0,0.0,0.0,8.738,27.667184
113.44,0.0,0.0,0.0,0.0,0.0,0,0.0,0.0,0.0,0.0,0.0,0.0,8.79349,27.66973
113.753,0.0,0.0,0.0,0.0,0.0,0,0.0,0.0,0.0,0.0,0.0,0.0,8.6693,27.67227
114.068,0.0,0.0,0.0,0.0,0.0,0,0.0,0.0,0.0,0.0,0.0,0.0,8.413,27.66973
114.385,0.0,0.0,0.0,0.0,0.0,0,0.0,0.0,0.0,0.0,0.0,0.0,8.555684,27.67461
114.70002,0.0,0.0,0.0,0.0,0.0,0,0.0,0.0,0.0,0.0,0.0,0.0,8.738,27.67969
115.015,0.0,0.0,0.0,0.0,0.0,0,0.0,0.0,0.0,0.0,0.0,0.0,8.864826,27.67715
115.477,0.0,0.0,0.0,0.0,0.0,0,0.0,0.0,0.0,0.0,0.0,0.0,8.53983,27.65723
115.787,0.0,0.0,0.0,0.0,0.0,0,0.0,0.0,0.0,0.0,0.0,0.0,8.666658,27.67227
116.103,0.0,0.0,0.0,0.0,0.0,0,0.0,0.0,0.0,0.0,0.0,0.0,8.666658,27.67227
116.421,0.0,0.0,0.0,0.0,0.0,0,0.0,0.0,0.0,0.0,0.0,0.0,8.582106,27.67461
116.73604,0.0,0.0,0.0,0.0,0.0,0,0.0,0.0,0.0,0.0,0.0,0.0,8.767064,27.67715
117.05198,0.0,0.0,0.0,0.0,0.0,0,0.0,0.0,0.0,0.0,0.0,0.0,8.6693,27.67969
117.363,0.0,0.0,0.0,0.0,0.0,0,0.0,0.0,0.0,0.0,0.0,0.0,8.653446,27.687108
117.67402,0.0,0.0,0.0,0.0,0.0,0,0.0,0.0,0.0,0.0,0.0,0.0,8.61117,27.68457
117.995,0.0,0.0,0.0,0.0,0.0,0,0.0,0.0,0.0,0.0,0.0,0.0,8.484344,27.68203
118.313,0.0,0.0,0.0,0.0,0.0,0,0.0,0.0,0.0,0.0,0.0,0.0,8.428854,27.67227
118.63,0.0,0.0,0.0,0.0,0.0,0,0.0,0.0,0.0,0.0,0.0,0.0,8.59796,27.687108
118.943,0.0,0.0,0.0,0.0,0.0,0,0.0,0.0,0.0,0.0,0.0,0.0,8.47113,27.687108
119.25898,0.0,0.0,0.0,0.0,0.0,0,0.0,0.0,0.0,0.0,0.0,0.0,8.455278,27.689456
119.573,0.0,0.0,0.0,0.0,0.0,0,0.0,0.0,0.0,0.0,0.0,0.0,8.35751,27.69199
120.04,0.0,0.0,0.0,0.0,0.0,0,0.0,0.0,0.0,0.0,0.0,0.0,8.500196,27.66484
120.355,0.0,0.0,0.0,0.0,0.0,0,0.0,0.0,0.0,0.0,0.0,0.0,8.653446,27.68457
120.673,0.0,0.0,0.0,0.0,0.0,0,0.0,0.0,0.0,0.0,0.0,0.0,8.47113,27.689456
120.989,0.0,0.0,0.0,0.0,0.0,0,0.0,0.0,0.0,0.0,0.0,0.0,8.526616,27.689456
121.30198,0.0,0.0,0.0,0.0,0.0,0,0.0,0.0,0.0,0.0,0.0,0.0,8.695724,27.69687
121.618,0.0,0.0,0.0,0.0,0.0,0,0.0,0.0,0.0,0.0,0.0,0.0,8.568894,27.69687
121.928,0.0,0.0,0.0,0.0,0.0,0,0.0,0.0,0.0,0.0,0.0,0.0,8.39979,27.69687
122.248,0.0,0.0,0.0,0.0,0.0,0,0.0,0.0,0.0,0.0,0.0,0.0,8.442064,27.69453
122.55598,0.0,0.0,0.0,0.0,0.0,0,0.0,0.0,0.0,0.0,0.0,0.0,8.497554,27.69941
122.87202,0.0,0.0,0.0,0.0,0.0,0,0.0,0.0,0.0,0.0,0.0,0.0,8.484344,27.69941
123.188,0.0,0.0,0.0,0.0,0.0,0,0.0,0.0,0.0,0.0,0.0,0.0,8.442064,27.70195
123.505,0.0,0.0,0.0,0.0,0.0,0,0.0,0.0,0.0,0.0,0.0,0.0,8.500196,27.70195
123.813,0.0,0.0,0.0,0.0,0.0,0,0.0,0.0,0.0,0.0,0.0,0.0,8.428854,27.70938
124.13,0.0,0.0,0.0,0.0,0.0,0,0.0,0.0,0.0,0.0,0.0,0.0,8.59796,27.70195
124.44102,0.0,0.0,0.0,0.0,0.0,0,0.0,0.0,0.0,0.0,0.0,0.0,8.370726,27.70938
124.90596,0.0,0.0,0.0,0.0,0.0,0,0.0,0.0,0.0,0.0,0.0,0.0,8.484344,27.67969
125.219,0.0,0.0,0.0,0.0,0.0,0,0.0,0.0,0.0,0.0,0.0,0.0,8.68251,27.69199
125.539,0.0,0.0,0.0,0.0,0.0,0,0.0,0.0,0.0,0.0,0.0,0.0,8.39979,27.70195
125.85596,0.0,0.0,0.0,0.0,0.0,0,0.0,0.0,0.0,0.0,0.0,0.0,8.442064,27.69941
126.16896,0.0,0.0,0.0,0.0,0.0,0,0.0,0.0,0.0,0.0,0.0,0.0,8.653446,27.706832
126.487,0.0,0.0,0.0,0.0,0.0,0,0.0,0.0,0.0,0.0,0.0,0.0,8.513406,27.71426
126.799,0.0,0.0,0.0,0.0,0.0,0,0.0,0.0,0.0,0.0,0.0,0.0,8.61117,27.71426
127.11396,0.0,0.0,0.0,0.0,0.0,0,0.0,0.0,0.0,0.0,0.0,0.0,8.526616,27.7168
127.424,0.0,0.0,0.0,0.0,0.0,0,0.0,0.0,0.0,0.0,0.0,0.0,8.624384,27.71914
127.74196,0.0,0.0,0.0,0.0,0.0,0,0.0,0.0,0.0,0.0,0.0,0.0,8.568894,27.71914
128.056,0.0,0.0,0.0,0.0,0.0,0,0.0,0.0,0.0,0.0,0.0,0.0,8.624384,27.71426
128.373,0.0,0.0,0.0,0.0,0.0,0,0.0,0.0,0.0,0.0,0.0,0.0,8.72479,27.7168
128.686,0.0,0.0,0.0,0.0,0.0,0,0.0,0.0,0.0,0.0,0.0,0.0,8.513406,27.726568
129.0,0.0,0.0,0.0,0.0,0.0,0,0.0,0.0,0.0,0.0,0.0,0.0,8.58475,27.724216
129.462,0.0,0.0,0.0,0.0,0.0,0,0.0,0.0,0.0,0.0,0.0,0.0,8.568894,27.687108
129.77,0.0,0.0,0.0,0.0,0.0,0,0.0,0.0,0.0,0.0,0.0,0.0,8.653446,27.71914
130.079,0.0,0.0,0.0,0.0,0.0,0,0.0,0.0,0.0,0.0,0.0,0.0,8.624384,27.73164
130.386,0.0,0.0,0.0,0.0,0.0,0,0.0,0.0,0.0,0.0,0.0,0.0,8.695724,27.724216
130.698,0.0,0.0,0.0,0.0,0.0,0,0.0,0.0,0.0,0.0,0.0,0.0,8.822554,27.726568
131.012,0.0,0.0,0.0,0.0,0.0,0,0.0,0.0,0.0,0.0,0.0,0.0,8.92296,27.73398
131.31996,0.0,0.0,0.0,0.0,0.0,0,0.0,0.0,0.0,0.0,0.0,0.0,8.695724,27.73652
131.633,0.0,0.0,0.0,0.0,0.0,0,0.0,0.0,0.0,0.0,0.0,0.0,8.624384,27.73398
131.941,0.0,0.0,0.0,0.0,0.0,0,0.0,0.0,0.0,0.0,0.0,0.0,8.624384,27.73398
132.254,0.0,0.0,0.0,0.0,0.0,0,0.0,0.0,0.0,0.0,0.0,0.0,8.767064,27.73906
132.568,0.0,0.0,0.0,0.0,0.0,0,0.0,0.0,0.0,0.0,0.0,0.0,8.526616,27.73398
132.883,0.0,0.0,0.0,0.0,0.0,0,0.0,0.0,0.0,0.0,0.0,0.0,8.666658,27.73652
133.197,0.0,0.0,0.0,0.0,0.0,0,0.0,0.0,0.0,0.0,0.0,0.0,8.753856,27.7291
133.511,0.0,0.0,0.0,0.0,0.0,0,0.0,0.0,0.0,0.0,0.0,0.0,8.72479,27.73398
133.969,0.0,0.0,0.0,0.0,0.0,0,0.0,0.0,0.0,0.0,0.0,0.0,8.708936,27.70195
134.28096,0.0,0.0,0.0,0.0,0.0,0,0.0,0.0,0.0,0.0,0.0,0.0,8.738,27.73398
134.594,0.0,0.0,0.0,0.0,0.0,0,0.0,0.0,0.0,0.0,0.0,0.0,8.54247,27.73652
134.90596,0.0,0.0,0.0,0.0,0.0,0,0.0,0.0,0.0,0.0,0.0,0.0,8.666658,27.73652
135.21596,0.0,0.0,0.0,0.0,0.0,0,0.0,0.0,0.0,0.0,0.0,0.0,8.484344,27.73652
135.525,0.0,0.0,0.0,0.0,0.0,0,0.0,0.0,0.0,0.0,0.0,0.0,8.6693,27.743948
135.835,0.0,0.0,0.0,0.0,0.0,0,0.0,0.0,0.0,0.0,0.0,0.0,8.568894,27.73906
136.148,0.0,0.0,0.0,0.0,0.0,0,0.0,0.0,0.0,0.0,0.0,0.0,8.35751,27.73906
136.46,0.0,0.0,0.0,0.0,0.0,0,0.0,0.0,0.0,0.0,0.0,0.0,8.59796,27.741408
136.772,0.0,0.0,0.0,0.0,0.0,0,0.0,0.0,0.0,0.0,0.0,0.0,8.738,27.746484
137.08,0.0,0.0,0.0,0.0,0.0,0,0.0,0.0,0.0,0.0,0.0,0.0,8.627024,27.746484
137.384,0.0,0.0,0.0,0.0,0.0,0,0.0,0.0,0.0,0.0,0.0,0.0,8.627024,27.74883
137.696,0.0,0.0,0.0,0.0,0.0,0,0.0,0.0,0.0,0.0,0.0,0.0,8.68251,27.741408
138.008,0.0,0.0,0.0,0.0,0.0,0,0.0,0.0,0.0,0.0,0.0,0.0,8.500196,27.743948
138.46596,0.0,0.0,0.0,0.0,0.0,0,0.0,0.0,0.0,0.0,0.0,0.0,8.39979,27.724216
138.784,0.0,0.0,0.0,0.0,0.0,0,0.0,0.0,0.0,0.0,0.0,0.0,8.302026,27.73906
139.093,0.0,0.0,0.0,0.0,0.0,0,0.0,0.0,0.0,0.0,0.0,0.0,8.457916,27.746484
139.405,0.0,0.0,0.0,0.0,0.0,0,0.0,0.0,0.0,0.0,0.0,0.0,8.484344,27.743948
139.72,0.0,0.0,0.0,0.0,0.0,0,0.0,0.0,0.0,0.0,0.0,0.0,8.526616,27.746484
140.035,0.0,0.0,0.0,0.0,0.0,0,0.0,0.0,0.0,0.0,0.0,0.0,8.39979,27.746484
140.34096,0.0,0.0,0.0,0.0,0.0,0,0.0,0.0,0.0,0.0,0.0,0.0,8.627024,27.75137
140.653,0.0,0.0,0.0,0.0,0.0,0,0.0,0.0,0.0,0.0,0.0,0.0,8.640236,27.746484
140.965,0.0,0.0,0.0,0.0,0.0,0,0.0,0.0,0.0,0.0,0.0,0.0,8.500196,27.743948
141.272,0.0,0.0,0.0,0.0,0.0,0,0.0,0.0,0.0,0.0,0.0,0.0,8.568894,27.74883
141.584,0.0,0.0,0.0,0.0,0.0,0,0.0,0.0,0.0,0.0,0.0,0.0,8.442064,27.75391
141.892,0.0,0.0,0.0,0.0,0.0,0,0.0,0.0,0.0,0.0,0.0,0.0,8.47113,27.74883
142.209,0.0,0.0,0.0,0.0,0.0,0,0.0,0.0,0.0,0.0,0.0,0.0,8.413,27.75391
142.519,0.0,0.0,0.0,0.0,0.0,0,0.0,0.0,0.0,0.0,0.0,0.0,8.33109,27.75391
142.974,0.0,0.0,0.0,0.0,0.0,0,0.0,0.0,0.0,0.0,0.0,0.0,8.484344,27.7291
143.29,0.0,0.0,0.0,0.0,0.0,0,0.0,0.0,0.0,0.0,0.0,0.0,8.455278,27.75137
143.602,0.0,0.0,0.0,0.0,0.0,0,0.0,0.0,0.0,0.0,0.0,0.0,8.3443,27.75625
143.916,0.0,0.0,0.0,0.0,0.0,0,0.0,0.0,0.0,0.0,0.0,0.0,8.27296,27.763676
144.228,0.0,0.0,0.0,0.0,0.0,0,0.0,0.0,0.0,0.0,0.0,0.0,8.217474,27.763676
144.542,0.0,0.0,0.0,0.0,0.0,0,0.0,0.0,0.0,0.0,0.0,0.0,8.33109,27.761324
144.855,0.0,0.0,0.0,0.0,0.0,0,0.0,0.0,0.0,0.0,0.0,0.0,8.711576,27.761324
145.16896,0.0,0.0,0.0,0.0,0.0,0,0.0,0.0,0.0,0.0,0.0,0.0,8.428854,27.75625
145.478,0.0,0.0,0.0,0.0,0.0,0,0.0,0.0,0.0,0.0,0.0,0.0,8.302026,27.761324
145.79,0.0,0.0,0.0,0.0,0.0,0,0.0,0.0,0.0,0.0,0.0,0.0,8.27296,27.76621
146.101,0.0,0.0,0.0,0.0,0.0,0,0.0,0.0,0.0,0.0,0.0,0.0,8.103854,27.763676
146.411,0.0,0.0,0.0,0.0,0.0,0,0.0,0.0,0.0,0.0,0.0,0.0,8.497554,27.76875
146.722,0.0,0.0,0.0,0.0,0.0,0,0.0,0.0,0.0,0.0,0.0,0.0,8.457916,27.76875
147.039,0.0,0.0,0.0,0.0,0.0,0,0.0,0.0,0.0,0.0,0.0,0.0,8.59796,27.761324
147.349,0.0,0.0,0.0,0.0,0.0,0,0.0,0.0,0.0,0.0,0.0,0.0,8.666658,27.76875
147.805,0.0,0.0,0.0,0.0,0.0,0,0.0,0.0,0.0,0.0,0.0,0.0,8.822554,27.743948
148.11696,0.0,0.0,0.0,0.0,0.0,0,0.0,0.0,0.0,0.0,0.0,0.0,8.666658,27.761324
148.43,0.0,0.0,0.0,0.0,0.0,0,0.0,0.0,0.0,0.0,0.0,0.0,8.582106,27.76621
148.74,0.0,0.0,0.0,0.0,0.0,0,0.0,0.0,0.0,0.0,0.0,0.0,8.497554,27.76875
149.053,0.0,0.0,0.0,0.0,0.0,0,0.0,0.0,0.0,0.0,0.0,0.0,8.59796,27.77363
149.366,0.0,0.0,0.0,0.0,0.0,0,0.0,0.0,0.0,0.0,0.0,0.0,8.53983,27.77617
149.672,0.0,0.0,0.0,0.0,0.0,0,0.0,0.0,0.0,0.0,0.0,0.0,8.500196,27.781052
149.988,0.0,0.0,0.0,0.0,0.0,0,0.0,0.0,0.0,0.0,0.0,0.0,8.59796,27.77363
150.295,0.0,0.0,0.0,0.0,0.0,0,0.0,0.0,0.0,0.0,0.0,0.0,8.53983,27.78594
150.605,0.0,0.0,0.0,0.0,0.0,0,0.0,0.0,0.0,0.0,0.0,0.0,8.58475,27.77617
150.918,0.0,0.0,0.0,0.0,0.0,0,0.0,0.0,0.0,0.0,0.0,0.0,8.753856,27.781052
151.235,0.0,0.0,0.0,0.0,0.0,0,0.0,0.0,0.0,0.0,0.0,0.0,8.835764,27.778516
151.54396,0.0,0.0,0.0,0.0,0.0,0,0.0,0.0,0.0,0.0,0.0,0.0,8.780274,27.781052
151.86,0.0,0.0,0.0,0.0,0.0,0,0.0,0.0,0.0,0.0,0.0,0.0,8.75121,27.781052
152.323,0.0,0.0,0.0,0.0,0.0,0,0.0,0.0,0.0,0.0,0.0,0.0,8.920316,27.75625
152.634,0.0,0.0,0.0,0.0,0.0,0,0.0,0.0,0.0,0.0,0.0,0.0,8.627024,27.781052
152.949,0.0,0.0,0.0,0.0,0.0,0,0.0,0.0,0.0,0.0,0.0,0.0,8.835764,27.78848
153.264,0.0,0.0,0.0,0.0,0.0,0,0.0,0.0,0.0,0.0,0.0,0.0,8.624384,27.783592
153.58,0.0,0.0,0.0,0.0,0.0,0,0.0,0.0,0.0,0.0,0.0,0.0,8.835764,27.783592
153.892,0.0,0.0,0.0,0.0,0.0,0,0.0,0.0,0.0,0.0,0.0,0.0,8.484344,27.79336
154.208,0.0,0.0,0.0,0.0,0.0,0,0.0,0.0,0.0,0.0,0.0,0.0,8.627024,27.79102
154.523,0.0,0.0,0.0,0.0,0.0,0,0.0,0.0,0.0,0.0,0.0,0.0,8.555684,27.78594
154.839,0.0,0.0,0.0,0.0,0.0,0,0.0,0.0,0.0,0.0,0.0,0.0,8.47113,27.79102
155.154,0.0,0.0,0.0,0.0,0.0,0,0.0,0.0,0.0,0.0,0.0,0.0,8.708936,27.783592
155.469,0.0,0.0,0.0,0.0,0.0,0,0.0,0.0,0.0,0.0,0.0,0.0,8.59796,27.78848
155.785,0.0,0.0,0.0,0.0,0.0,0,0.0,0.0,0.0,0.0,0.0,0.0,8.555684,27.78848
156.098,0.0,0.0,0.0,0.0,0.0,0,0.0,0.0,0.0,0.0,0.0,0.0,8.526616,27.798432
156.409,0.0,0.0,0.0,0.0,0.0,0,0.0,0.0,0.0,0.0,0.0,0.0,8.413,27.79336
156.869,0.0,0.0,0.0,0.0,0.0,0,0.0,0.0,0.0,0.0,0.0,0.0,8.47113,27.77109
157.186,0.0,0.0,0.0,0.0,0.0,0,0.0,0.0,0.0,0.0,0.0,0.0,8.38658,27.78594
157.502,0.0,0.0,0.0,0.0,0.0,0,0.0,0.0,0.0,0.0,0.0,0.0,8.413,27.79336
157.814,0.0,0.0,0.0,0.0,0.0,0,0.0,0.0,0.0,0.0,0.0,0.0,8.259748,27.80332
158.126,0.0,0.0,0.0,0.0,0.0,0,0.0,0.0,0.0,0.0,0.0,0.0,8.288814,27.800784
158.443,0.0,0.0,0.0,0.0,0.0,0,0.0,0.0,0.0,0.0,0.0,0.0,8.53983,27.80586
158.758,0.0,0.0,0.0,0.0,0.0,0,0.0,0.0,0.0,0.0,0.0,0.0,8.246536,27.80586
159.073,0.0,0.0,0.0,0.0,0.0,0,0.0,0.0,0.0,0.0,0.0,0.0,8.230684,27.8084
159.385,0.0,0.0,0.0,0.0,0.0,0,0.0,0.0,0.0,0.0,0.0,0.0,8.33109,27.81074
159.701,0.0,0.0,0.0,0.0,0.0,0,0.0,0.0,0.0,0.0,0.0,0.0,8.230684,27.81074
160.016,0.0,0.0,0.0,0.0,0.0,0,0.0,0.0,0.0,0.0,0.0,0.0,8.230684,27.80586
160.332,0.0,0.0,0.0,0.0,0.0,0,0.0,0.0,0.0,0.0,0.0,0.0,8.53983,27.8084
160.637,0.0,0.0,0.0,0.0,0.0,0,0.0,0.0,0.0,0.0,0.0,0.0,8.442064,27.81328
160.952,0.0,0.0,0.0,0.0,0.0,0,0.0,0.0,0.0,0.0,0.0,0.0,8.497554,27.81074
161.41896,0.0,0.0,0.0,0.0,0.0,0,0.0,0.0,0.0,0.0,0.0,0.0,8.328446,27.78594
161.734,0.0,0.0,0.0,0.0,0.0,0,0.0,0.0,0.0,0.0,0.0,0.0,8.243896,27.80332
162.05,0.0,0.0,0.0,0.0,0.0,0,0.0,0.0,0.0,0.0,0.0,0.0,8.370726,27.81328
162.366,0.0,0.0,0.0,0.0,0.0,0,0.0,0.0,0.0,0.0,0.0,0.0,8.175196,27.8084
162.681,0.0,0.0,0.0,0.0,0.0,0,0.0,0.0,0.0,0.0,0.0,0.0,8.06158,27.81074
163.003,0.0,0.0,0.0,0.0,0.0,0,0.0,0.0,0.0,0.0,0.0,0.0,8.06158,27.81074
163.321,0.0,0.0,0.0,0.0,0.0,0,0.0,0.0,0.0,0.0,0.0,0.0,8.15934,27.81582
163.639,0.0,0.0,0.0,0.0,0.0,0,0.0,0.0,0.0,0.0,0.0,0.0,8.188406,27.818164
163.96,0.0,0.0,0.0,0.0,0.0,0,0.0,0.0,0.0,0.0,0.0,0.0,8.14613,27.81582
164.274,0.0,0.0,0.0,0.0,0.0,0,0.0,0.0,0.0,0.0,0.0,0.0,8.47113,27.818164
164.593,0.0,0.0,0.0,0.0,0.0,0,0.0,0.0,0.0,0.0,0.0,0.0,8.20162,27.820708
164.908,0.0,0.0,0.0,0.0,0.0,0,0.0,0.0,0.0,0.0,0.0,0.0,8.243896,27.81582
165.224,0.0,0.0,0.0,0.0,0.0,0,0.0,0.0,0.0,0.0,0.0,0.0,8.188406,27.823248
165.543,0.0,0.0,0.0,0.0,0.0,0,0.0,0.0,0.0,0.0,0.0,0.0,8.230684,27.82559
165.859,0.0,0.0,0.0,0.0,0.0,0,0.0,0.0,0.0,0.0,0.0,0.0,8.33109,27.83066
166.31996,0.0,0.0,0.0,0.0,0.0,0,0.0,0.0,0.0,0.0,0.0,0.0,8.15934,27.798432
166.629,0.0,0.0,0.0,0.0,0.0,0,0.0,0.0,0.0,0.0,0.0,0.0,8.33109,27.81582
166.934,0.0,0.0,0.0,0.0,0.0,0,0.0,0.0,0.0,0.0,0.0,0.0,8.328446,27.83066
167.246,0.0,0.0,0.0,0.0,0.0,0,0.0,0.0,0.0,0.0,0.0,0.0,8.640236,27.82813
167.556,0.0,0.0,0.0,0.0,0.0,0,0.0,0.0,0.0,0.0,0.0,0.0,8.243896,27.83554
167.873,0.0,0.0,0.0,0.0,0.0,0,0.0,0.0,0.0,0.0,0.0,0.0,8.35751,27.83301
168.186,0.0,0.0,0.0,0.0,0.0,0,0.0,0.0,0.0,0.0,0.0,0.0,8.39979,27.84043
168.498,0.0,0.0,0.0,0.0,0.0,0,0.0,0.0,0.0,0.0,0.0,0.0,8.33109,27.84297
168.812,0.0,0.0,0.0,0.0,0.0,0,0.0,0.0,0.0,0.0,0.0,0.0,8.59796,27.84043
169.125,0.0,0.0,0.0,0.0,0.0,0,0.0,0.0,0.0,0.0,0.0,0.0,8.38658,27.84297
169.438,0.0,0.0,0.0,0.0,0.0,0,0.0,0.0,0.0,0.0,0.0,0.0,8.568894,27.838084
169.757,0.0,0.0,0.0,0.0,0.0,0,0.0,0.0,0.0,0.0,0.0,0.0,8.526616,27.84043
170.06996,0.0,0.0,0.0,0.0,0.0,0,0.0,0.0,0.0,0.0,0.0,0.0,8.568894,27.84043
170.37996,0.0,0.0,0.0,0.0,0.0,0,0.0,0.0,0.0,0.0,0.0,0.0,8.442064,27.84785
170.837,0.0,0.0,0.0,0.0,0.0,0,0.0,0.0,0.0,0.0,0.0,0.0,8.39979,27.823248
171.154,0.0,0.0,0.0,0.0,0.0,0,0.0,0.0,0.0,0.0,0.0,0.0,8.413,27.84043
171.468,0.0,0.0,0.0,0.0,0.0,0,0.0,0.0,0.0,0.0,0.0,0.0,8.315236,27.83554
171.786,0.0,0.0,0.0,0.0,0.0,0,0.0,0.0,0.0,0.0,0.0,0.0,8.513406,27.85293
172.106,0.0,0.0,0.0,0.0,0.0,0,0.0,0.0,0.0,0.0,0.0,0.0,8.33109,27.85039
172.424,0.0,0.0,0.0,0.0,0.0,0,0.0,0.0,0.0,0.0,0.0,0.0,8.373366,27.85293
172.737,0.0,0.0,0.0,0.0,0.0,0,0.0,0.0,0.0,0.0,0.0,0.0,8.428854,27.85527
173.054,0.0,0.0,0.0,0.0,0.0,0,0.0,0.0,0.0,0.0,0.0,0.0,8.373366,27.85527
173.375,0.0,0.0,0.0,0.0,0.0,0,0.0,0.0,0.0,0.0,0.0,0.0,8.259748,27.85293
173.689,0.0,0.0,0.0,0.0,0.0,0,0.0,0.0,0.0,0.0,0.0,0.0,8.33109,27.860352
174.008,0.0,0.0,0.0,0.0,0.0,0,0.0,0.0,0.0,0.0,0.0,0.0,8.68251,27.857816
174.323,0.0,0.0,0.0,0.0,0.0,0,0.0,0.0,0.0,0.0,0.0,0.0,8.75121,27.860352
174.637,0.0,0.0,0.0,0.0,0.0,0,0.0,0.0,0.0,0.0,0.0,0.0,8.58475,27.8627
174.951,0.0,0.0,0.0,0.0,0.0,0,0.0,0.0,0.0,0.0,0.0,0.0,8.370726,27.8627
175.424,0.0,0.0,0.0,0.0,0.0,0,0.0,0.0,0.0,0.0,0.0,0.0,8.442064,27.838084
175.737,0.0,0.0,0.0,0.0,0.0,0,0.0,0.0,0.0,0.0,0.0,0.0,8.484344,27.86524
176.053,0.0,0.0,0.0,0.0,0.0,0,0.0,0.0,0.0,0.0,0.0,0.0,8.117066,27.860352
176.372,0.0,0.0,0.0,0.0,0.0,0,0.0,0.0,0.0,0.0,0.0,0.0,8.302026,27.86524
176.685,0.0,0.0,0.0,0.0,0.0,0,0.0,0.0,0.0,0.0,0.0,0.0,8.259748,27.87012
177.003,0.0,0.0,0.0,0.0,0.0,0,0.0,0.0,0.0,0.0,0.0,0.0,8.33109,27.8627
177.319,0.0,0.0,0.0,0.0,0.0,0,0.0,0.0,0.0,0.0,0.0,0.0,8.048368,27.87265
177.638,0.0,0.0,0.0,0.0,0.0,0,0.0,0.0,0.0,0.0,0.0,0.0,8.39979,27.87265
177.954,0.0,0.0,0.0,0.0,0.0,0,0.0,0.0,0.0,0.0,0.0,0.0,8.230684,27.87519
178.271,0.0,0.0,0.0,0.0,0.0,0,0.0,0.0,0.0,0.0,0.0,0.0,8.38658,27.87519
178.59,0.0,0.0,0.0,0.0,0.0,0,0.0,0.0,0.0,0.0,0.0,0.0,8.15934,27.87265
178.904,0.0,0.0,0.0,0.0,0.0,0,0.0,0.0,0.0,0.0,0.0,0.0,8.54247,27.87519
179.214,0.0,0.0,0.0,0.0,0.0,0,0.0,0.0,0.0,0.0,0.0,0.0,8.809344,27.877536
179.529,0.0,0.0,0.0,0.0,0.0,0,0.0,0.0,0.0,0.0,0.0,0.0,8.653446,27.88262
179.998,0.0,0.0,0.0,0.0,0.0,0,0.0,0.0,0.0,0.0,0.0,0.0,8.88068,27.857816
180.311,0.0,0.0,0.0,0.0,0.0,0,0.0,0.0,0.0,0.0,0.0,0.0,9.033934,27.87265
180.627,0.0,0.0,0.0,0.0,0.0,0,0.0,0.0,0.0,0.0,0.0,0.0,8.568894,27.877536
180.94,0.0,0.0,0.0,0.0,0.0,0,0.0,0.0,0.0,0.0,0.0,0.0,8.61117,27.89004
181.25496,0.0,0.0,0.0,0.0,0.0,0,0.0,0.0,0.0,0.0,0.0,0.0,8.455278,27.8875
181.576,0.0,0.0,0.0,0.0,0.0,0,0.0,0.0,0.0,0.0,0.0,0.0,8.35751,27.88008
181.892,0.0,0.0,0.0,0.0,0.0,0,0.0,0.0,0.0,0.0,0.0,0.0,8.54247,27.88496
182.209,0.0,0.0,0.0,0.0,0.0,0,0.0,0.0,0.0,0.0,0.0,0.0,8.59796,27.8875
182.524,0.0,0.0,0.0,0.0,0.0,0,0.0,0.0,0.0,0.0,0.0,0.0,8.230684,27.8875
182.839,0.0,0.0,0.0,0.0,0.0,0,0.0,0.0,0.0,0.0,0.0,0.0,8.38658,27.88496
183.15596,0.0,0.0,0.0,0.0,0.0,0,0.0,0.0,0.0,0.0,0.0,0.0,8.666658,27.89238
183.471,0.0,0.0,0.0,0.0,0.0,0,0.0,0.0,0.0,0.0,0.0,0.0,8.53983,27.89004
183.789,0.0,0.0,0.0,0.0,0.0,0,0.0,0.0,0.0,0.0,0.0,0.0,8.695724,27.89004
184.108,0.0,0.0,0.0,0.0,0.0,0,0.0,0.0,0.0,0.0,0.0,0.0,8.455278,27.89238
184.426,0.0,0.0,0.0,0.0,0.0,0,0.0,0.0,0.0,0.0,0.0,0.0,8.442064,27.89746
184.883,0.0,0.0,0.0,0.0,0.0,0,0.0,0.0,0.0,0.0,0.0,0.0,8.442064,27.87265
185.193,0.0,0.0,0.0,0.0,0.0,0,0.0,0.0,0.0,0.0,0.0,0.0,8.79349,27.89492
185.502,0.0,0.0,0.0,0.0,0.0,0,0.0,0.0,0.0,0.0,0.0,0.0,8.568894,27.899808
185.811,0.0,0.0,0.0,0.0,0.0,0,0.0,0.0,0.0,0.0,0.0,0.0,8.738,27.90723
186.122,0.0,0.0,0.0,0.0,0.0,0,0.0,0.0,0.0,0.0,0.0,0.0,8.624384,27.90723
186.438,0.0,0.0,0.0,0.0,0.0,0,0.0,0.0,0.0,0.0,0.0,0.0,8.6693,27.90976
186.746,0.0,0.0,0.0,0.0,0.0,0,0.0,0.0,0.0,0.0,0.0,0.0,8.893896,27.90723
187.054,0.0,0.0,0.0,0.0,0.0,0,0.0,0.0,0.0,0.0,0.0,0.0,9.388,27.91973
187.366,0.0,0.0,0.0,0.0,0.0,0,0.0,0.0,0.0,0.0,0.0,0.0,9.54125,27.90235
187.677,0.0,0.0,0.0,0.0,0.0,0,0.0,0.0,0.0,0.0,0.0,0.0,9.218894,27.90235
187.985,0.0,0.0,0.0,0.0,0.0,0,0.0,0.0,0.0,0.0,0.0,0.0,9.427634,27.90976
188.299,0.0,0.0,0.0,0.0,0.0,0,0.0,0.0,0.0,0.0,0.0,0.0,9.54125,27.90976
188.608,0.0,0.0,0.0,0.0,0.0,0,0.0,0.0,0.0,0.0,0.0,0.0,9.977226,27.90976
188.92,0.0,0.0,0.0,0.0,0.0,0,0.0,0.0,0.0,0.0,0.0,0.0,9.557104,27.89238
189.374,0.0,0.0,0.0,0.0,0.0,0,0.0,0.0,0.0,0.0,0.0,0.0,9.245316,27.85527
189.68,0.0,0.0,0.0,0.0,0.0,0,0.0,0.0,0.0,0.0,0.0,0.0,9.810762,27.89492
189.995,0.0,0.0,0.0,0.0,0.0,0,0.0,0.0,0.0,0.0,0.0,0.0,9.66808,27.9123
190.3,0.0,0.0,0.0,0.0,0.0,0,0.0,0.0,0.0,0.0,0.0,0.0,10.162188,27.91973
190.61696,0.0,0.0,0.0,0.0,0.0,0,0.0,0.0,0.0,0.0,0.0,0.0,10.11991,27.914648
190.924,0.0,0.0,0.0,0.0,0.0,0,0.0,0.0,0.0,0.0,0.0,0.0,9.85304,27.91973
191.24,0.0,0.0,0.0,0.0,0.0,0,0.0,0.0,0.0,0.0,0.0,0.0,9.52804,27.899808
191.549,0.0,0.0,0.0,0.0,0.0,0,0.0,0.0,0.0,0.0,0.0,0.0,9.52804,27.899808
191.862,0.0,0.0,0.0,0.0,0.0,0,0.0,0.0,0.0,0.0,0.0,0.0,9.710356,27.86777
192.173,0.0,0.0,0.0,0.0,0.0,0,0.0,0.0,0.0,0.0,0.0,0.0,9.583528,27.84785
192.488,0.0,0.0,0.0,0.0,0.0,0,0.0,0.0,0.0,0.0,0.0,0.0,9.430276,27.838084
192.8,0.0,0.0,0.0,0.0,0.0,0,0.0,0.0,0.0,0.0,0.0,0.0,9.372146,27.85293
193.11696,0.0,0.0,0.0,0.0,0.0,0,0.0,0.0,0.0,0.0,0.0,0.0,9.232106,27.87012
193.428,0.0,0.0,0.0,0.0,0.0,0,0.0,0.0,0.0,0.0,0.0,0.0,9.612594,27.88496
193.883,0.0,0.0,0.0,0.0,0.0,0,0.0,0.0,0.0,0.0,0.0,0.0,9.31666,27.86524
194.202,0.0,0.0,0.0,0.0,0.0,0,0.0,0.0,0.0,0.0,0.0,0.0,9.427634,27.89238
194.51,0.0,0.0,0.0,0.0,0.0,0,0.0,0.0,0.0,0.0,0.0,0.0,9.65487,27.90488
194.831,0.0,0.0,0.0,0.0,0.0,0,0.0,0.0,0.0,0.0,0.0,0.0,9.768486,27.899808
195.144,0.0,0.0,0.0,0.0,0.0,0,0.0,0.0,0.0,0.0,0.0,0.0,9.823976,27.90976
195.458,0.0,0.0,0.0,0.0,0.0,0,0.0,0.0,0.0,0.0,0.0,0.0,9.612594,27.917184
195.772,0.0,0.0,0.0,0.0,0.0,0,0.0,0.0,0.0,0.0,0.0,0.0,9.401214,27.914648
196.09,0.0,0.0,0.0,0.0,0.0,0,0.0,0.0,0.0,0.0,0.0,0.0,9.570316,27.914648
196.402,0.0,0.0,0.0,0.0,0.0,0,0.0,0.0,0.0,0.0,0.0,0.0,9.570316,27.92461
196.719,0.0,0.0,0.0,0.0,0.0,0,0.0,0.0,0.0,0.0,0.0,0.0,9.414424,27.92715
197.026,0.0,0.0,0.0,0.0,0.0,0,0.0,0.0,0.0,0.0,0.0,0.0,9.810762,27.93203
197.34,0.0,0.0,0.0,0.0,0.0,0,0.0,0.0,0.0,0.0,0.0,0.0,9.372146,27.92715
197.652,0.0,0.0,0.0,0.0,0.0,0,0.0,0.0,0.0,0.0,0.0,0.0,9.93495,27.936916
197.963,0.0,0.0,0.0,0.0,0.0,0,0.0,0.0,0.0,0.0,0.0,0.0,9.93495,27.93203
198.276,0.0,0.0,0.0,0.0,0.0,0,0.0,0.0,0.0,0.0,0.0,0.0,10.19125,27.94199
198.736,0.0,0.0,0.0,0.0,0.0,0,0.0,0.0,0.0,0.0,0.0,0.0,10.06178,27.90488
199.048,0.0,0.0,0.0,0.0,0.0,0,0.0,0.0,0.0,0.0,0.0,0.0,10.175396,27.92461
199.356,0.0,0.0,0.0,0.0,0.0,0,0.0,0.0,0.0,0.0,0.0,0.0,10.048568,27.93457
199.674,0.0,0.0,0.0,0.0,0.0,0,0.0,0.0,0.0,0.0,0.0,0.0,10.357712,27.939456
199.99196,0.0,0.0,0.0,0.0,0.0,0,0.0,0.0,0.0,0.0,0.0,0.0,10.386776,27.93203
200.311,0.0,0.0,0.0,0.0,0.0,0,0.0,0.0,0.0,0.0,0.0,0.0,10.44491,27.93457
200.62,0.0,0.0,0.0,0.0,0.0,0,0.0,0.0,0.0,0.0,0.0,0.0,10.25995,27.94434
200.937,0.0,0.0,0.0,0.0,0.0,0,0.0,0.0,0.0,0.0,0.0,0.0,10.44491,27.939456
201.252,0.0,0.0,0.0,0.0,0.0,0,0.0,0.0,0.0,0.0,0.0,0.0,10.39999,27.94687
201.566,0.0,0.0,0.0,0.0,0.0,0,0.0,0.0,0.0,0.0,0.0,0.0,10.39999,27.94941
201.881,0.0,0.0,0.0,0.0,0.0,0,0.0,0.0,0.0,0.0,0.0,0.0,10.13312,27.94941
202.193,0.0,0.0,0.0,0.0,0.0,0,0.0,0.0,0.0,0.0,0.0,0.0,10.65365,27.94687
202.503,0.0,0.0,0.0,0.0,0.0,0,0.0,0.0,0.0,0.0,0.0,0.0,10.529464,27.954292
202.819,0.0,0.0,0.0,0.0,0.0,0,0.0,0.0,0.0,0.0,0.0,0.0,10.614016,27.956832
203.285,0.0,0.0,0.0,0.0,0.0,0,0.0,0.0,0.0,0.0,0.0,0.0,10.767268,27.93457
203.60396,0.0,0.0,0.0,0.0,0.0,0,0.0,0.0,0.0,0.0,0.0,0.0,10.669504,27.939456
203.91896,0.0,0.0,0.0,0.0,0.0,0,0.0,0.0,0.0,0.0,0.0,0.0,10.048568,27.956832
204.24,0.0,0.0,0.0,0.0,0.0,0,0.0,0.0,0.0,0.0,0.0,0.0,10.571736,27.95938
204.56,0.0,0.0,0.0,0.0,0.0,0,0.0,0.0,0.0,0.0,0.0,0.0,10.740844,27.96426
204.875,0.0,0.0,0.0,0.0,0.0,0,0.0,0.0,0.0,0.0,0.0,0.0,10.542672,27.96426
205.197,0.0,0.0,0.0,0.0,0.0,0,0.0,0.0,0.0,0.0,0.0,0.0,10.72499,27.96172
205.516,0.0,0.0,0.0,0.0,0.0,0,0.0,0.0,0.0,0.0,0.0,0.0,10.52682,27.9668
205.831,0.0,0.0,0.0,0.0,0.0,0,0.0,0.0,0.0,0.0,0.0,0.0,10.487184,27.95938
206.147,0.0,0.0,0.0,0.0,0.0,0,0.0,0.0,0.0,0.0,0.0,0.0,11.20324,27.96426
206.46596,0.0,0.0,0.0,0.0,0.0,0,0.0,0.0,0.0,0.0,0.0,0.0,10.738204,27.974216
206.785,0.0,0.0,0.0,0.0,0.0,0,0.0,0.0,0.0,0.0,0.0,0.0,11.17682,27.9791
207.108,0.0,0.0,0.0,0.0,0.0,0,0.0,0.0,0.0,0.0,0.0,0.0,10.78312,27.98398
207.426,0.0,0.0,0.0,0.0,0.0,0,0.0,0.0,0.0,0.0,0.0,0.0,11.44369,27.993948
207.894,0.0,0.0,0.0,0.0,0.0,0,0.0,0.0,0.0,0.0,0.0,0.0,11.079052,27.96172
208.212,0.0,0.0,0.0,0.0,0.0,0,0.0,0.0,0.0,0.0,0.0,0.0,11.557304,27.98906
208.532,0.0,0.0,0.0,0.0,0.0,0,0.0,0.0,0.0,0.0,0.0,0.0,11.24552,27.99883
208.85,0.0,0.0,0.0,0.0,0.0,0,0.0,0.0,0.0,0.0,0.0,0.0,11.33271,28.00137
209.168,0.0,0.0,0.0,0.0,0.0,0,0.0,0.0,0.0,0.0,0.0,0.0,11.37499,28.00391
209.485,0.0,0.0,0.0,0.0,0.0,0,0.0,0.0,0.0,0.0,0.0,0.0,11.40141,28.00391
209.8,0.0,0.0,0.0,0.0,0.0,0,0.0,0.0,0.0,0.0,0.0,0.0,10.978648,28.00879
210.115,0.0,0.0,0.0,0.0,0.0,0,0.0,0.0,0.0,0.0,0.0,0.0,11.092268,28.01875
210.433,0.0,0.0,0.0,0.0,0.0,0,0.0,0.0,0.0,0.0,0.0,0.0,11.232304,28.00391
210.75,0.0,0.0,0.0,0.0,0.0,0,0.0,0.0,0.0,0.0,0.0,0.0,11.541452,27.98398
211.068,0.0,0.0,0.0,0.0,0.0,0,0.0,0.0,0.0,0.0,0.0,0.0,11.43048,27.991408
211.39,0.0,0.0,0.0,0.0,0.0,0,0.0,0.0,0.0,0.0,0.0,0.0,11.544096,28.00625
211.711,0.0,0.0,0.0,0.0,0.0,0,0.0,0.0,0.0,0.0,0.0,0.0,11.7132,28.011324
212.034,0.0,0.0,0.0,0.0,0.0,0,0.0,0.0,0.0,0.0,0.0,0.0,11.697348,28.01875
212.511,0.0,0.0,0.0,0.0,0.0,0,0.0,0.0,0.0,0.0,0.0,0.0,11.40141,27.976568
212.829,0.0,0.0,0.0,0.0,0.0,0,0.0,0.0,0.0,0.0,0.0,0.0,11.797752,27.993948
213.15,0.0,0.0,0.0,0.0,0.0,0,0.0,0.0,0.0,0.0,0.0,0.0,11.7819,28.00137
213.46596,0.0,0.0,0.0,0.0,0.0,0,0.0,0.0,0.0,0.0,0.0,0.0,11.668284,28.01875
213.789,0.0,0.0,0.0,0.0,0.0,0,0.0,0.0,0.0,0.0,0.0,0.0,11.58637,28.02109
214.105,0.0,0.0,0.0,0.0,0.0,0,0.0,0.0,0.0,0.0,0.0,0.0,11.710556,28.03848
214.426,0.0,0.0,0.0,0.0,0.0,0,0.0,0.0,0.0,0.0,0.0,0.0,11.62865,28.04336
214.746,0.0,0.0,0.0,0.0,0.0,0,0.0,0.0,0.0,0.0,0.0,0.0,11.43048,28.048432
215.066,0.0,0.0,0.0,0.0,0.0,0,0.0,0.0,0.0,0.0,0.0,0.0,11.7132,28.05332
215.386,0.0,0.0,0.0,0.0,0.0,0,0.0,0.0,0.0,0.0,0.0,0.0,11.65507,28.05586
215.708,0.0,0.0,0.0,0.0,0.0,0,0.0,0.0,0.0,0.0,0.0,0.0,11.626004,28.06562
216.03096,0.0,0.0,0.0,0.0,0.0,0,0.0,0.0,0.0,0.0,0.0,0.0,11.824176,28.05586
216.347,0.0,0.0,0.0,0.0,0.0,0,0.0,0.0,0.0,0.0,0.0,0.0,11.84003,28.06562
216.673,0.0,0.0,0.0,0.0,0.0,0,0.0,0.0,0.0,0.0,0.0,0.0,11.797752,28.068164
217.147,0.0,0.0,0.0,0.0,0.0,0,0.0,0.0,0.0,0.0,0.0,0.0,12.006494,28.04102
217.467,0.0,0.0,0.0,0.0,0.0,0,0.0,0.0,0.0,0.0,0.0,0.0,11.908728,28.07559
217.788,0.0,0.0,0.0,0.0,0.0,0,0.0,0.0,0.0,0.0,0.0,0.0,11.417264,28.08301
218.109,0.0,0.0,0.0,0.0,0.0,0,0.0,0.0,0.0,0.0,0.0,0.0,11.76869,28.09297
218.426,0.0,0.0,0.0,0.0,0.0,0,0.0,0.0,0.0,0.0,0.0,0.0,11.697348,28.09785
218.744,0.0,0.0,0.0,0.0,0.0,0,0.0,0.0,0.0,0.0,0.0,0.0,11.810964,28.10293
219.062,0.0,0.0,0.0,0.0,0.0,0,0.0,0.0,0.0,0.0,0.0,0.0,11.7132,28.10293
219.382,0.0,0.0,0.0,0.0,0.0,0,0.0,0.0,0.0,0.0,0.0,0.0,11.499176,28.10293
219.698,0.0,0.0,0.0,0.0,0.0,0,0.0,0.0,0.0,0.0,0.0,0.0,11.626004,28.11524
220.019,0.0,0.0,0.0,0.0,0.0,0,0.0,0.0,0.0,0.0,0.0,0.0,11.668284,28.110352
220.339,0.0,0.0,0.0,0.0,0.0,0,0.0,0.0,0.0,0.0,0.0,0.0,11.316856,28.1127
220.66,0.0,0.0,0.0,0.0,0.0,0,0.0,0.0,0.0,0.0,0.0,0.0,11.345924,28.11524
220.988,0.0,0.0,0.0,0.0,0.0,0,0.0,0.0,0.0,0.0,0.0,0.0,11.37499,28.12012
221.31,0.0,0.0,0.0,0.0,0.0,0,0.0,0.0,0.0,0.0,0.0,0.0,11.372348,28.13496
221.78,0.0,0.0,0.0,0.0,0.0,0,0.0,0.0,0.0,0.0,0.0,0.0,11.20324,28.09785
222.092,0.0,0.0,0.0,0.0,0.0,0,0.0,0.0,0.0,0.0,0.0,0.0,11.24552,28.14004
222.415,0.0,0.0,0.0,0.0,0.0,0,0.0,0.0,0.0,0.0,0.0,0.0,11.034136,28.14238
222.732,0.0,0.0,0.0,0.0,0.0,0,0.0,0.0,0.0,0.0,0.0,0.0,10.978648,28.149808
223.048,0.0,0.0,0.0,0.0,0.0,0,0.0,0.0,0.0,0.0,0.0,0.0,11.0632,28.15723
223.361,0.0,0.0,0.0,0.0,0.0,0,0.0,0.0,0.0,0.0,0.0,0.0,10.99186,28.15235
223.681,0.0,0.0,0.0,0.0,0.0,0,0.0,0.0,0.0,0.0,0.0,0.0,11.007716,28.167184
223.998,0.0,0.0,0.0,0.0,0.0,0,0.0,0.0,0.0,0.0,0.0,0.0,10.949584,28.17207
224.31996,0.0,0.0,0.0,0.0,0.0,0,0.0,0.0,0.0,0.0,0.0,0.0,10.79633,28.16973
224.633,0.0,0.0,0.0,0.0,0.0,0,0.0,0.0,0.0,0.0,0.0,0.0,10.78312,28.17207
224.95,0.0,0.0,0.0,0.0,0.0,0,0.0,0.0,0.0,0.0,0.0,0.0,10.5004,28.17949
225.26796,0.0,0.0,0.0,0.0,0.0,0,0.0,0.0,0.0,0.0,0.0,0.0,10.59816,28.18203
225.581,0.0,0.0,0.0,0.0,0.0,0,0.0,0.0,0.0,0.0,0.0,0.0,10.289016,28.18203
225.894,0.0,0.0,0.0,0.0,0.0,0,0.0,0.0,0.0,0.0,0.0,0.0,10.289016,28.19199
226.447,0.0,0.0,0.0,0.0,0.0,0,0.0,0.0,0.0,0.0,0.0,0.0,10.275804,28.15488
226.763,0.0,0.0,0.0,0.0,0.0,0,0.0,0.0,0.0,0.0,0.0,0.0,9.950802,28.186916
227.085,0.0,0.0,0.0,0.0,0.0,0,0.0,0.0,0.0,0.0,0.0,0.0,10.19125,28.19687
227.4,0.0,0.0,0.0,0.0,0.0,0,0.0,0.0,0.0,0.0,0.0,0.0,9.85304,28.201752
227.718,0.0,0.0,0.0,0.0,0.0,0,0.0,0.0,0.0,0.0,0.0,0.0,9.810762,28.2166
228.035,0.0,0.0,0.0,0.0,0.0,0,0.0,0.0,0.0,0.0,0.0,0.0,9.850396,28.2166
228.352,0.0,0.0,0.0,0.0,0.0,0,0.0,0.0,0.0,0.0,0.0,0.0,10.06178,28.224024
228.676,0.0,0.0,0.0,0.0,0.0,0,0.0,0.0,0.0,0.0,0.0,0.0,10.090844,28.23145
228.994,0.0,0.0,0.0,0.0,0.0,0,0.0,0.0,0.0,0.0,0.0,0.0,10.13312,28.23398
229.31,0.0,0.0,0.0,0.0,0.0,0,0.0,0.0,0.0,0.0,0.0,0.0,9.937594,28.243948
229.629,0.0,0.0,0.0,0.0,0.0,0,0.0,0.0,0.0,0.0,0.0,0.0,10.233524,28.24883
229.948,0.0,0.0,0.0,0.0,0.0,0,0.0,0.0,0.0,0.0,0.0,0.0,9.937594,28.25391
230.267,0.0,0.0,0.0,0.0,0.0,0,0.0,0.0,0.0,0.0,0.0,0.0,10.06442,28.25879
230.586,0.0,0.0,0.0,0.0,0.0,0,0.0,0.0,0.0,0.0,0.0,0.0,10.233524,28.27363
231.059,0.0,0.0,0.0,0.0,0.0,0,0.0,0.0,0.0,0.0,0.0,0.0,10.302224,28.246484
231.376,0.0,0.0,0.0,0.0,0.0,0,0.0,0.0,0.0,0.0,0.0,0.0,10.52682,28.263676
231.696,0.0,0.0,0.0,0.0,0.0,0,0.0,0.0,0.0,0.0,0.0,0.0,10.344504,28.281052
232.016,0.0,0.0,0.0,0.0,0.0,0,0.0,0.0,0.0,0.0,0.0,0.0,10.58495,28.28848
232.337,0.0,0.0,0.0,0.0,0.0,0,0.0,0.0,0.0,0.0,0.0,0.0,10.9945,28.28848
232.66,0.0,0.0,0.0,0.0,0.0,0,0.0,0.0,0.0,0.0,0.0,0.0,10.923162,28.29102
232.982,0.0,0.0,0.0,0.0,0.0,0,0.0,0.0,0.0,0.0,0.0,0.0,11.274584,28.300784
233.298,0.0,0.0,0.0,0.0,0.0,0,0.0,0.0,0.0,0.0,0.0,0.0,11.316856,28.30586
233.615,0.0,0.0,0.0,0.0,0.0,0,0.0,0.0,0.0,0.0,0.0,0.0,11.51503,28.31074
233.931,0.0,0.0,0.0,0.0,0.0,0,0.0,0.0,0.0,0.0,0.0,0.0,11.670924,28.32559
234.258,0.0,0.0,0.0,0.0,0.0,0,0.0,0.0,0.0,0.0,0.0,0.0,12.022348,28.33047
234.576,0.0,0.0,0.0,0.0,0.0,0,0.0,0.0,0.0,0.0,0.0,0.0,11.626004,28.33554
234.904,0.0,0.0,0.0,0.0,0.0,0,0.0,0.0,0.0,0.0,0.0,0.0,11.472752,28.33554
235.227,0.0,0.0,0.0,0.0,0.0,0,0.0,0.0,0.0,0.0,0.0,0.0,11.51503,28.35527
235.7,0.0,0.0,0.0,0.0,0.0,0,0.0,0.0,0.0,0.0,0.0,0.0,12.006494,28.32305
236.026,0.0,0.0,0.0,0.0,0.0,0,0.0,0.0,0.0,0.0,0.0,0.0,11.76869,28.34785
236.35,0.0,0.0,0.0,0.0,0.0,0,0.0,0.0,0.0,0.0,0.0,0.0,11.62865,28.375
236.673,0.0,0.0,0.0,0.0,0.0,0,0.0,0.0,0.0,0.0,0.0,0.0,11.73962,28.375
236.993,0.0,0.0,0.0,0.0,0.0,0,0.0,0.0,0.0,0.0,0.0,0.0,11.797752,28.38008
237.316,0.0,0.0,0.0,0.0,0.0,0,0.0,0.0,0.0,0.0,0.0,0.0,11.670924,28.38262
237.635,0.0,0.0,0.0,0.0,0.0,0,0.0,0.0,0.0,0.0,0.0,0.0,11.853244,28.377536
237.954,0.0,0.0,0.0,0.0,0.0,0,0.0,0.0,0.0,0.0,0.0,0.0,11.96686,28.38008
238.26796,0.0,0.0,0.0,0.0,0.0,0,0.0,0.0,0.0,0.0,0.0,0.0,11.96686,28.39238
238.596,0.0,0.0,0.0,0.0,0.0,0,0.0,0.0,0.0,0.0,0.0,0.0,12.04877,28.3875
238.918,0.0,0.0,0.0,0.0,0.0,0,0.0,0.0,0.0,0.0,0.0,0.0,12.009132,28.3875
239.24,0.0,0.0,0.0,0.0,0.0,0,0.0,0.0,0.0,0.0,0.0,0.0,12.04877,28.39238
239.562,0.0,0.0,0.0,0.0,0.0,0,0.0,0.0,0.0,0.0,0.0,0.0,12.13332,28.40235
239.883,0.0,0.0,0.0,0.0,0.0,0,0.0,0.0,0.0,0.0,0.0,0.0,11.64186,28.399808
240.207,0.0,0.0,0.0,0.0,0.0,0,0.0,0.0,0.0,0.0,0.0,0.0,11.58637,28.40723
240.671,0.0,0.0,0.0,0.0,0.0,0,0.0,0.0,0.0,0.0,0.0,0.0,11.668284,28.3875
240.982,0.0,0.0,0.0,0.0,0.0,0,0.0,0.0,0.0,0.0,0.0,0.0,11.359136,28.414648
241.295,0.0,0.0,0.0,0.0,0.0,0,0.0,0.0,0.0,0.0,0.0,0.0,11.232304,28.41973
241.609,0.0,0.0,0.0,0.0,0.0,0,0.0,0.0,0.0,0.0,0.0,0.0,11.303648,28.417184
241.924,0.0,0.0,0.0,0.0,0.0,0,0.0,0.0,0.0,0.0,0.0,0.0,11.417264,28.42949
242.237,0.0,0.0,0.0,0.0,0.0,0,0.0,0.0,0.0,0.0,0.0,0.0,11.417264,28.417184
242.549,0.0,0.0,0.0,0.0,0.0,0,0.0,0.0,0.0,0.0,0.0,0.0,11.330072,28.42461
242.861,0.0,0.0,0.0,0.0,0.0,0,0.0,0.0,0.0,0.0,0.0,0.0,11.37499,28.42461
243.174,0.0,0.0,0.0,0.0,0.0,0,0.0,0.0,0.0,0.0,0.0,0.0,11.290436,28.43457
243.485,0.0,0.0,0.0,0.0,0.0,0,0.0,0.0,0.0,0.0,0.0,0.0,11.755476,28.436916
243.799,0.0,0.0,0.0,0.0,0.0,0,0.0,0.0,0.0,0.0,0.0,0.0,11.668284,28.451752
244.109,0.0,0.0,0.0,0.0,0.0,0,0.0,0.0,0.0,0.0,0.0,0.0,11.40141,28.44687
244.426,0.0,0.0,0.0,0.0,0.0,0,0.0,0.0,0.0,0.0,0.0,0.0,11.58637,28.454292
244.74,0.0,0.0,0.0,0.0,0.0,0,0.0,0.0,0.0,0.0,0.0,0.0,11.599584,28.456832
245.2,0.0,0.0,0.0,0.0,0.0,0,0.0,0.0,0.0,0.0,0.0,0.0,11.697348,28.43457
245.513,0.0,0.0,0.0,0.0,0.0,0,0.0,0.0,0.0,0.0,0.0,0.0,11.84003,28.456832
245.824,0.0,0.0,0.0,0.0,0.0,0,0.0,0.0,0.0,0.0,0.0,0.0,11.73962,28.46426
246.138,0.0,0.0,0.0,0.0,0.0,0,0.0,0.0,0.0,0.0,0.0,0.0,11.541452,28.45918
246.449,0.0,0.0,0.0,0.0,0.0,0,0.0,0.0,0.0,0.0,0.0,0.0,11.612796,28.474024
246.763,0.0,0.0,0.0,0.0,0.0,0,0.0,0.0,0.0,0.0,0.0,0.0,11.697348,28.46914
247.077,0.0,0.0,0.0,0.0,0.0,0,0.0,0.0,0.0,0.0,0.0,0.0,11.52824,28.4666
247.39296,0.0,0.0,0.0,0.0,0.0,0,0.0,0.0,0.0,0.0,0.0,0.0,11.499176,28.46914
247.707,0.0,0.0,0.0,0.0,0.0,0,0.0,0.0,0.0,0.0,0.0,0.0,11.964216,28.48652
248.021,0.0,0.0,0.0,0.0,0.0,0,0.0,0.0,0.0,0.0,0.0,0.0,11.951004,28.48398
248.332,0.0,0.0,0.0,0.0,0.0,0,0.0,0.0,0.0,0.0,0.0,0.0,11.96686,28.491408
248.648,0.0,0.0,0.0,0.0,0.0,0,0.0,0.0,0.0,0.0,0.0,0.0,12.077832,28.493948
248.961,0.0,0.0,0.0,0.0,0.0,0,0.0,0.0,0.0,0.0,0.0,0.0,11.84003,28.48652
249.279,0.0,0.0,0.0,0.0,0.0,0,0.0,0.0,0.0,0.0,0.0,0.0,11.83739,28.49629
249.743,0.0,0.0,0.0,0.0,0.0,0,0.0,0.0,0.0,0.0,0.0,0.0,11.544096,28.47168
250.059,0.0,0.0,0.0,0.0,0.0,0,0.0,0.0,0.0,0.0,0.0,0.0,11.7132,28.491408
250.374,0.0,0.0,0.0,0.0,0.0,0,0.0,0.0,0.0,0.0,0.0,0.0,11.824176,28.50879
250.686,0.0,0.0,0.0,0.0,0.0,0,0.0,0.0,0.0,0.0,0.0,0.0,11.83739,28.50879
251.001,0.0,0.0,0.0,0.0,0.0,0,0.0,0.0,0.0,0.0,0.0,0.0,11.73962,28.50625
251.314,0.0,0.0,0.0,0.0,0.0,0,0.0,0.0,0.0,0.0,0.0,0.0,11.612796,28.513676
251.62908,0.0,0.0,0.0,0.0,0.0,0,0.0,0.0,0.0,0.0,0.0,0.0,11.64186,28.51856
251.94108,0.0,0.0,0.0,0.0,0.0,0,0.0,0.0,0.0,0.0,0.0,0.0,11.684136,28.51856
252.25408,0.0,0.0,0.0,0.0,0.0,0,0.0,0.0,0.0,0.0,0.0,0.0,11.58637,28.513676
252.5651,0.0,0.0,0.0,0.0,0.0,0,0.0,0.0,0.0,0.0,0.0,0.0,11.866452,28.52363
252.881,0.0,0.0,0.0,0.0,0.0,0,0.0,0.0,0.0,0.0,0.0,0.0,11.76869,28.52617
253.19204,0.0,0.0,0.0,0.0,0.0,0,0.0,0.0,0.0,0.0,0.0,0.0,11.570516,28.52363
253.508,0.0,0.0,0.0,0.0,0.0,0,0.0,0.0,0.0,0.0,0.0,0.0,11.64186,28.528516
253.822,0.0,0.0,0.0,0.0,0.0,0,0.0,0.0,0.0,0.0,0.0,0.0,11.79511,28.53594
254.286,0.0,0.0,0.0,0.0,0.0,0,0.0,0.0,0.0,0.0,0.0,0.0,11.65507,28.50879
254.6009,0.0,0.0,0.0,0.0,0.0,0,0.0,0.0,0.0,0.0,0.0,0.0,11.557304,28.52617
254.9129,0.0,0.0,0.0,0.0,0.0,0,0.0,0.0,0.0,0.0,0.0,0.0,11.570516,28.533592
255.229,0.0,0.0,0.0,0.0,0.0,0,0.0,0.0,0.0,0.0,0.0,0.0,11.65507,28.53848
255.547,0.0,0.0,0.0,0.0,0.0,0,0.0,0.0,0.0,0.0,0.0,0.0,11.72641,28.53848
255.862,0.0,0.0,0.0,0.0,0.0,0,0.0,0.0,0.0,0.0,0.0,0.0,11.4569,28.548432
256.176,0.0,0.0,0.0,0.0,0.0,0,0.0,0.0,0.0,0.0,0.0,0.0,11.73962,28.55332
256.4899,0.0,0.0,0.0,0.0,0.0,0,0.0,0.0,0.0,0.0,0.0,0.0,11.797752,28.56562
256.8,0.0,0.0,0.0,0.0,0.0,0,0.0,0.0,0.0,0.0,0.0,0.0,11.824176,28.55332
257.117,0.0,0.0,0.0,0.0,0.0,0,0.0,0.0,0.0,0.0,0.0,0.0,11.62865,28.56328
257.4269,0.0,0.0,0.0,0.0,0.0,0,0.0,0.0,0.0,0.0,0.0,0.0,11.359136,28.56074
257.7459,0.0,0.0,0.0,0.0,0.0,0,0.0,0.0,0.0,0.0,0.0,0.0,11.316856,28.55586
258.0601,0.0,0.0,0.0,0.0,0.0,0,0.0,0.0,0.0,0.0,0.0,0.0,11.697348,28.56562
258.377,0.0,0.0,0.0,0.0,0.0,0,0.0,0.0,0.0,0.0,0.0,0.0,11.501816,28.568164
258.835,0.0,0.0,0.0,0.0,0.0,0,0.0,0.0,0.0,0.0,0.0,0.0,11.58637,28.548432
259.1501,0.0,0.0,0.0,0.0,0.0,0,0.0,0.0,0.0,0.0,0.0,0.0,11.43048,28.57305
259.46,0.0,0.0,0.0,0.0,0.0,0,0.0,0.0,0.0,0.0,0.0,0.0,11.345924,28.58047
259.771,0.0,0.0,0.0,0.0,0.0,0,0.0,0.0,0.0,0.0,0.0,0.0,11.541452,28.57813
260.085,0.0,0.0,0.0,0.0,0.0,0,0.0,0.0,0.0,0.0,0.0,0.0,11.52824,28.58789
260.401,0.0,0.0,0.0,0.0,0.0,0,0.0,0.0,0.0,0.0,0.0,0.0,11.44369,28.58789
260.716,0.0,0.0,0.0,0.0,0.0,0,0.0,0.0,0.0,0.0,0.0,0.0,11.52824,28.58789
261.03,0.0,0.0,0.0,0.0,0.0,0,0.0,0.0,0.0,0.0,0.0,0.0,11.472752,28.59297
261.3449,0.0,0.0,0.0,0.0,0.0,0,0.0,0.0,0.0,0.0,0.0,0.0,11.557304,28.59785
261.6569,0.0,0.0,0.0,0.0,0.0,0,0.0,0.0,0.0,0.0,0.0,0.0,11.670924,28.59043
261.9699,0.0,0.0,0.0,0.0,0.0,0,0.0,0.0,0.0,0.0,0.0,0.0,11.541452,28.59785
262.284,0.0,0.0,0.0,0.0,0.0,0,0.0,0.0,0.0,0.0,0.0,0.0,11.4569,28.60039
262.598,0.0,0.0,0.0,0.0,0.0,0,0.0,0.0,0.0,0.0,0.0,0.0,11.359136,28.59785
262.91,0.0,0.0,0.0,0.0,0.0,0,0.0,0.0,0.0,0.0,0.0,0.0,11.40141,28.59785
263.376,0.0,0.0,0.0,0.0,0.0,0,0.0,0.0,0.0,0.0,0.0,0.0,11.20324,28.57813
263.6911,0.0,0.0,0.0,0.0,0.0,0,0.0,0.0,0.0,0.0,0.0,0.0,11.290436,28.59785
264.008,0.0,0.0,0.0,0.0,0.0,0,0.0,0.0,0.0,0.0,0.0,0.0,11.0632,28.60039
264.326,0.0,0.0,0.0,0.0,0.0,0,0.0,0.0,0.0,0.0,0.0,0.0,11.12133,28.610156
264.6409,0.0,0.0,0.0,0.0,0.0,0,0.0,0.0,0.0,0.0,0.0,0.0,11.12133,28.607816
264.958,0.0,0.0,0.0,0.0,0.0,0,0.0,0.0,0.0,0.0,0.0,0.0,11.24816,28.6127
265.2731,0.0,0.0,0.0,0.0,0.0,0,0.0,0.0,0.0,0.0,0.0,0.0,11.020924,28.61524
265.5861,0.0,0.0,0.0,0.0,0.0,0,0.0,0.0,0.0,0.0,0.0,0.0,11.134542,28.61758
265.903,0.0,0.0,0.0,0.0,0.0,0,0.0,0.0,0.0,0.0,0.0,0.0,11.163608,28.625
